{"type":"FeatureCollection","count":52,"from":1,"to":52,"page":1,"next":null,"previous":null,"page_size":52,"total_pages":1,"features":[{"id":1,"type":"Feature","geometry":{"type":"Polygon","coordinates":[[[2.07061504817179,41.45339287017773],[2.07278273206198,41.4518147303082],[2.074209225550693,41.450764218359744],[2.074725422991972,41.45019792645198],[2.075023772722985,41.44963595040704],[2.075295483749533,41.448108862187716],[2.07512848016963,41.44737322748084],[2.073972686430666,41.44584073240735],[2.073057409267199,41.444569261767995],[2.073391062531074,41.444576133389766],[2.073596503663149,41.44462389529449],[2.073616520560872,41.444783339983736],[2.073654260896087,41.44487166883772],[2.073753273616801,41.444960490707885],[2.073812461225265,41.44510767550557],[2.073821040499964,41.445287986489696],[2.073892560202268,41.44535143699229],[2.074010666728706,41.445272745311215],[2.074209554405983,41.44499769454376],[2.074461429034253,41.44452186909831],[2.074680034351643,41.444427217991624],[2.075171874059808,41.44431380355728],[2.075259390907672,41.44442768183007],[2.075340802718201,41.444579236063696],[2.075517383762874,41.44469802117918],[2.075738289289902,41.44483392860806],[2.075820356474332,41.44493937934445],[2.075933943604728,41.4451792166075],[2.076280234603522,41.44550894641735],[2.07632017684466,41.44544220014126],[2.076316032239367,41.44534156671705],[2.076383172160829,41.44532114705864],[2.076565327376232,41.445439975282866],[2.077117545357028,41.44578392931592],[2.077349776522365,41.44590734941777],[2.077534301904508,41.4462525454595],[2.077565389831664,41.44627425437601],[2.077697277085802,41.446473189447005],[2.077760970232366,41.4465050706914],[2.077849737863414,41.446578176319015],[2.078007315664529,41.44677490367385],[2.078205628179524,41.44703952520209],[2.078495440953305,41.44741105747794],[2.0792808902331,41.44720739835998],[2.079999072891859,41.44688374535166],[2.080224303298124,41.44683245587233],[2.080322428446031,41.44715177567362],[2.080582057141982,41.447390338313966],[2.08109085677546,41.44724478564953],[2.081387523520909,41.447131322213],[2.08153483631631,41.447146976568966],[2.082241056947747,41.44755801832712],[2.082510233534636,41.44757464292636],[2.082842393910069,41.44767381582586],[2.083232551443904,41.44775414446429],[2.084161405490865,41.44784358511741],[2.085539706561789,41.44790280538622],[2.086754974560702,41.447897774044264],[2.087366685293618,41.44815600819923],[2.086640680741287,41.44813703939245],[2.086514653991427,41.44828827354072],[2.086338422716008,41.448404962015225],[2.085809141753804,41.44863532174356],[2.085497043782548,41.4486963269644],[2.084772183994922,41.448671855179676],[2.084714716472722,41.44903015678524],[2.084683929219357,41.4491773001245],[2.084433619932881,41.44917187773687],[2.083985150320236,41.44915383505322],[2.083948918662886,41.44910733876101],[2.083852806042386,41.44871368897615],[2.083590735362725,41.44877771731352],[2.083321443748451,41.448939291767566],[2.083127321793497,41.449085566259875],[2.082973617752296,41.44924617792226],[2.082847450216943,41.44943472454277],[2.082780895191914,41.44955062393459],[2.082741491345123,41.44972187394003],[2.082722244769982,41.4499307823606],[2.082496284314551,41.45033387325988],[2.082235724303193,41.450702765966895],[2.082030131499236,41.45090723397473],[2.081767949198848,41.45114876603252],[2.081585875275295,41.451272804607896],[2.080645261171122,41.45158525700795],[2.08021081229751,41.45160886268139],[2.07935785162779,41.4518244907737],[2.07905046979341,41.45192894980392],[2.078829478761379,41.45200044773526],[2.078716231652175,41.452056360096165],[2.07861436060212,41.45217474862765],[2.078468122493843,41.45236232800052],[2.078244502042998,41.45270501643118],[2.078037437575859,41.45290723156875],[2.077908907941319,41.452988754845094],[2.077569164769288,41.453184799047555],[2.075014122993949,41.454835608902144],[2.074012548476651,41.4555562190276],[2.07385193942759,41.45544944182898],[2.073797616360297,41.45541333548178],[2.073644099615169,41.45531979241598],[2.07343807755408,41.45518024912887],[2.073399236748676,41.455144344485376],[2.073366710745832,41.45510512997508],[2.073340494155157,41.45501384493957],[2.073318865634972,41.454950859626024],[2.073299058485101,41.45490959869725],[2.073248025572495,41.45483049078313],[2.073125510629939,41.454697439376005],[2.073056004084976,41.45463362886715],[2.073016728956255,41.45460648156732],[2.072948577617707,41.45457835365315],[2.072918015096977,41.45457252714512],[2.072855180365537,41.45456401995272],[2.072811762520093,41.45455323545989],[2.072769582823348,41.454529427189065],[2.072698208603389,41.45446347387624],[2.072629483624561,41.45441254996305],[2.072578678114183,41.454383942664734],[2.07247038572399,41.45433437414547],[2.072300964793417,41.45426847643994],[2.072212013280156,41.454240945984594],[2.072183628028516,41.45423033365577],[2.072393127651757,41.45394563909034],[2.072393136731615,41.45392818283824],[2.0719385415509,41.45350979128637],[2.071542216612985,41.45314559702767],[2.071515389100143,41.453135301367766],[2.071490626640734,41.45313930358013],[2.071475739535529,41.453146808254395],[2.071146128200698,41.45340925459815],[2.071022494253708,41.45352419104609],[2.070905978440401,41.453642008628215],[2.070833033112207,41.45372537778979],[2.070808742471674,41.45371629587107],[2.070774478599255,41.453695816064645],[2.070732092475834,41.45364953860661],[2.070716349881538,41.45361847806234],[2.070702853308283,41.45356141929886],[2.070689181101718,41.453493497244],[2.07065836002,41.45344361372333],[2.07061504817179,41.45339287017773]]]},"properties":{"codiseccio":"4-2","districte":4,"nomdistricte":"La Floresta","seccio":2,"sup":58.582,"id":1}},{"id":2,"type":"Feature","geometry":{"type":"Polygon","coordinates":[[[2.052290500671508,41.46864722357567],[2.052159073128899,41.468533733080854],[2.051186729213704,41.46826751670947],[2.052842744500313,41.46504552110387],[2.052952024539719,41.464914000873385],[2.05352295619265,41.464544835751475],[2.053570387287543,41.464557833395865],[2.053588321942096,41.46451547912861],[2.053723814344217,41.46445126265225],[2.053785397993876,41.46440854255345],[2.053939413244029,41.46429579325341],[2.053911280920896,41.46428864436456],[2.054173482610287,41.46414563644323],[2.054491819972294,41.464235227000245],[2.054522639810441,41.46418015689474],[2.054846200359026,41.464253134748056],[2.05487187892227,41.464260218223544],[2.054968210797229,41.46407196794151],[2.055079286786999,41.46410468735838],[2.055288229507401,41.4641674194337],[2.055374714796574,41.464194340675064],[2.055363247326996,41.46421386461709],[2.055415667197049,41.4642298955713],[2.055404405017548,41.46425095245499],[2.055329797437886,41.46439000936599],[2.055321330342898,41.46440629865622],[2.055386115402364,41.46442793229716],[2.055569420277009,41.46448263899851],[2.055564291932773,41.46449195057388],[2.055802798238489,41.464562507421654],[2.056059155312129,41.46463499362621],[2.056231450766103,41.46468763136878],[2.056419902779445,41.464315841592075],[2.056529913812264,41.46434914850255],[2.056550430553711,41.46434226459363],[2.056838051636212,41.464428930710866],[2.056871357961175,41.4643649270211],[2.056892181680832,41.464320285973145],[2.056930305259312,41.46424859341086],[2.05696460711333,41.46417619397107],[2.056995299870369,41.46412231112919],[2.057034081563365,41.46404642860276],[2.057074372754088,41.463961537815734],[2.057113315281641,41.463890320279475],[2.057029606577687,41.46385975934181],[2.057081374005758,41.46377984442603],[2.057263478084835,41.46341286247899],[2.05738187903872,41.46340807644301],[2.057438682326942,41.46340658116878],[2.057429437629096,41.46330782202569],[2.057488198327305,41.463234861579224],[2.057463189715216,41.46314467089275],[2.057438181170212,41.46305448020045],[2.057459067789153,41.463057150779434],[2.057500299219762,41.46306104180685],[2.057569469835962,41.46306390504899],[2.057638706200987,41.463062224567906],[2.05770748129361,41.463056009560766],[2.057747806091292,41.463049732760304],[2.05786582090975,41.463026063609234],[2.058019997642473,41.46299498897579],[2.058070674682589,41.462984955136285],[2.058318779831157,41.46293555307011],[2.058606191086777,41.462875753167594],[2.058581884796752,41.462850784096844],[2.058560234704088,41.46282430549226],[2.058567473146745,41.462820581598145],[2.058538989423082,41.46278639083006],[2.058608429854935,41.462787138920824],[2.05860964959877,41.46270274980422],[2.058834164686895,41.4626566035099],[2.059087981789824,41.46260440962796],[2.059207056432626,41.46260790389624],[2.059199299303998,41.4627493514714],[2.05918958773696,41.462926361567426],[2.059181477601439,41.46305757774904],[2.059179173857061,41.463115098020765],[2.059185591799716,41.463173563294525],[2.059200434330102,41.463231160658545],[2.05921613871739,41.463270543148475],[2.059236347447128,41.463308133953916],[2.059289934971371,41.463347799028206],[2.059850975538243,41.46317847748893],[2.060885461854132,41.46286634347126],[2.060861762889327,41.4628245604212],[2.060690127884526,41.462521953323815],[2.060678493434767,41.46250143832191],[2.060842842650141,41.46244925790216],[2.061180765853457,41.462343151423525],[2.061331208911488,41.462295909678],[2.061245027198242,41.462141586057335],[2.061422918614462,41.462091577594975],[2.061632368638177,41.46202613528516],[2.06185886170051,41.461956246744215],[2.061879335832906,41.46201788895324],[2.062219445869629,41.46190599647811],[2.062181355303478,41.46179699199031],[2.062545850062646,41.46159902670066],[2.062323474102859,41.46139970163347],[2.062693089816459,41.46116760144061],[2.0629288944513,41.461407092482965],[2.063166905354669,41.46128983369196],[2.063175522213953,41.46125351401788],[2.06293409496661,41.46100108570774],[2.063030778889794,41.46094807567839],[2.063251485914873,41.460851358335496],[2.063448941256135,41.46075780212819],[2.063463950626316,41.460773209770515],[2.063654125410091,41.460692969928814],[2.06380358672534,41.4606369977939],[2.063949329300908,41.46057314979569],[2.064052343479127,41.46056298945509],[2.06417828738752,41.460554519676464],[2.064185437523392,41.46085693749636],[2.064502739619946,41.460730320683666],[2.064816632015763,41.460609446423675],[2.064898621033314,41.460578352495226],[2.06519103286268,41.4604668293022],[2.06539240517048,41.460538940609446],[2.062898827479026,41.46450583287536],[2.061447709147196,41.46732909678392],[2.06239018278159,41.46898022423304],[2.058329844899704,41.469826679136645],[2.05618978023969,41.47027274961013],[2.054370432056554,41.47082924316972],[2.054369524772535,41.4708114566427],[2.054259810000948,41.468660533364314],[2.053120967060801,41.46869871563767],[2.052290500671508,41.46864722357567]]]},"properties":{"codiseccio":"5-3","districte":5,"nomdistricte":"Mira-sol","seccio":3,"sup":61.901,"id":2}},{"id":3,"type":"Feature","geometry":{"type":"Polygon","coordinates":[[[2.035754571335697,41.4728976416208],[2.037005811799196,41.47248248300222],[2.037333814110514,41.47275932584085],[2.038349635288336,41.472413469036454],[2.038209694599682,41.47207318868148],[2.040525141249451,41.47116575773942],[2.040715844942913,41.47127850620643],[2.041968080336407,41.47079066628993],[2.042114556952467,41.470374645784815],[2.042120978134101,41.470035836681696],[2.041985150396167,41.469959144192096],[2.041889946830815,41.46982637938507],[2.04197263673434,41.46961075058241],[2.042164435775784,41.46960071169351],[2.042320497937852,41.469638002765464],[2.042415750233805,41.46976749558511],[2.04246283454966,41.46991840122786],[2.042833938337553,41.470186589718224],[2.043333667839388,41.47060976682161],[2.044705018981917,41.47207063228767],[2.04466001234203,41.47358814562071],[2.045742976445004,41.47378526180192],[2.047123155464945,41.474262751679895],[2.048960490315487,41.4749706173836],[2.04978368666192,41.475050103932226],[2.050480168220948,41.47607517369658],[2.050694610449094,41.47630022853879],[2.051009093287809,41.47645167921578],[2.050946465981535,41.47667444877615],[2.051042599904591,41.47686875590468],[2.051434732162601,41.47712504569333],[2.051528265861437,41.477497959711556],[2.051625486907476,41.47761784665428],[2.052088338263681,41.47845526021345],[2.052278234887552,41.47900759583084],[2.052784803241322,41.47956253766436],[2.054203236089091,41.480907427487544],[2.0535578915897,41.48107701876],[2.051068326959263,41.481683261479205],[2.050272208290821,41.48191452667715],[2.048937603629947,41.482301906334584],[2.048398804137435,41.48252772546367],[2.047931765128386,41.48273046369909],[2.046613967451137,41.480641084980135],[2.044959221409282,41.478714515216446],[2.044046443580329,41.47781765033065],[2.043091465863327,41.47696800377347],[2.04298398820222,41.47687237870014],[2.04195006328209,41.476141605396165],[2.040004912887,41.47495087670453],[2.03838359522772,41.47481336358395],[2.037733452847265,41.474974216098374],[2.037607774286711,41.475068722060634],[2.037599491573417,41.475054634238674],[2.037082158185328,41.47440357769124],[2.037022072261512,41.47433642036161],[2.036963090635971,41.47427557738128],[2.036867400108008,41.47418650424552],[2.036491268260757,41.47378703122572],[2.036475874330878,41.47377519273297],[2.036424689212999,41.47375404706559],[2.03635192271132,41.47373452203242],[2.036286274461493,41.47371956026367],[2.036219522148404,41.47369828407071],[2.036086257835489,41.47363952037659],[2.036060086664131,41.47362759150932],[2.036014875870773,41.47360739646207],[2.035995876277739,41.47359642841942],[2.035968614417596,41.4735772845207],[2.035937933617046,41.47354640242134],[2.03588725600706,41.47349103288903],[2.035850694656457,41.47345289560469],[2.035803489505601,41.47340566174594],[2.035750617380075,41.47333676275089],[2.035702575317682,41.473265202024336],[2.035663899578156,41.47320813154516],[2.035634590111548,41.473165551322765],[2.03561380984673,41.47311313453569],[2.035610431020469,41.47309869446603],[2.035605071091412,41.47305631503998],[2.035608943852953,41.47303743210333],[2.035634798286649,41.472989909991405],[2.035645775767446,41.472976491023935],[2.035679652028579,41.47295335596945],[2.035728084782671,41.47291773266842],[2.035754571335697,41.4728976416208]]]},"properties":{"codiseccio":"5-2","districte":5,"nomdistricte":"Mira-sol","seccio":2,"sup":79.022,"id":3}},{"id":4,"type":"Feature","geometry":{"type":"Polygon","coordinates":[[[2.048380140425562,41.46445421632636],[2.048442656886239,41.46405164005409],[2.04865750542437,41.4630427463658],[2.047896328076428,41.46296477394513],[2.047972346514518,41.46232746222973],[2.048010771616112,41.46230627642487],[2.048414601937882,41.46075418740742],[2.048216332315132,41.46070873389973],[2.04968037368469,41.45890777117932],[2.049848277566681,41.458766715961026],[2.04992459731936,41.45874194980682],[2.050000917014728,41.45871718360117],[2.053729117959362,41.4553829060574],[2.055072447228493,41.4558637698497],[2.055882907275775,41.45584502397385],[2.056303174888583,41.45596275285357],[2.056555777487266,41.45600291770604],[2.057062086282177,41.456007066382796],[2.057329913044605,41.456161636855974],[2.057732757442102,41.45631731203052],[2.058070481948192,41.45630737806094],[2.058832700484206,41.45612314175428],[2.059527040384537,41.45596374194694],[2.061654087195383,41.45594300674256],[2.062243319030202,41.456049393114114],[2.062932353988665,41.45625817354189],[2.063436110263444,41.45644004636076],[2.063823553877052,41.456493990366845],[2.064175967166672,41.45663653476756],[2.064559948631594,41.45693171146589],[2.065009985003512,41.457329007987035],[2.065660188856516,41.45789300255951],[2.065976803198712,41.45935584970327],[2.066055521645136,41.45954938329162],[2.065475632196823,41.46040652995341],[2.06539240517048,41.460538940609446],[2.06519103286268,41.4604668293022],[2.064898621033314,41.460578352495226],[2.064816632015763,41.460609446423675],[2.064502739619946,41.460730320683666],[2.064185437523392,41.46085693749636],[2.06417828738752,41.460554519676464],[2.064052343479127,41.46056298945509],[2.063949329300908,41.46057314979569],[2.06380358672534,41.4606369977939],[2.063654125410091,41.460692969928814],[2.063463950626316,41.460773209770515],[2.063448941256135,41.46075780212819],[2.063251485914873,41.460851358335496],[2.063030778889794,41.46094807567839],[2.06293409496661,41.46100108570774],[2.063175522213953,41.46125351401788],[2.063166905354669,41.46128983369196],[2.0629288944513,41.461407092482965],[2.062693089816459,41.46116760144061],[2.062323474102859,41.46139970163347],[2.062545850062646,41.46159902670066],[2.062181355303478,41.46179699199031],[2.062219445869629,41.46190599647811],[2.061879335832906,41.46201788895324],[2.06185886170051,41.461956246744215],[2.061632368638177,41.46202613528516],[2.061422918614462,41.462091577594975],[2.061245027198242,41.462141586057335],[2.061331208911488,41.462295909678],[2.061180765853457,41.462343151423525],[2.060842842650141,41.46244925790216],[2.060678493434767,41.46250143832191],[2.060690127884526,41.462521953323815],[2.060861762889327,41.4628245604212],[2.060885461854132,41.46286634347126],[2.059850975538243,41.46317847748893],[2.059289934971371,41.463347799028206],[2.059236347447128,41.463308133953916],[2.05921613871739,41.463270543148475],[2.059200434330102,41.463231160658545],[2.059185591799716,41.463173563294525],[2.059179173857061,41.463115098020765],[2.059181477601439,41.46305757774904],[2.05918958773696,41.462926361567426],[2.059199299303998,41.4627493514714],[2.059207056432626,41.46260790389624],[2.059087981789824,41.46260440962796],[2.058834164686895,41.4626566035099],[2.05860964959877,41.46270274980422],[2.058608429854935,41.462787138920824],[2.058538989423082,41.46278639083006],[2.058567473146745,41.462820581598145],[2.058560234704088,41.46282430549226],[2.058581884796752,41.462850784096844],[2.058606191086777,41.462875753167594],[2.058318779831157,41.46293555307011],[2.058070674682589,41.462984955136285],[2.058019997642473,41.46299498897579],[2.05786582090975,41.463026063609234],[2.057747806091292,41.463049732760304],[2.05770748129361,41.463056009560766],[2.057638706200987,41.463062224567906],[2.057569469835962,41.46306390504899],[2.057500299219762,41.46306104180685],[2.057459067789153,41.463057150779434],[2.057438181170212,41.46305448020045],[2.057463189715216,41.46314467089275],[2.057488198327305,41.463234861579224],[2.057429437629096,41.46330782202569],[2.057438682326942,41.46340658116878],[2.05738187903872,41.46340807644301],[2.057263478084835,41.46341286247899],[2.057081374005758,41.46377984442603],[2.057029606577687,41.46385975934181],[2.057113315281641,41.463890320279475],[2.057074372754088,41.463961537815734],[2.057034081563365,41.46404642860276],[2.056995299870369,41.46412231112919],[2.05696460711333,41.46417619397107],[2.056930305259312,41.46424859341086],[2.056892181680832,41.464320285973145],[2.056871357961175,41.4643649270211],[2.056838051636212,41.464428930710866],[2.056550430553711,41.46434226459363],[2.056529913812264,41.46434914850255],[2.056419902779445,41.464315841592075],[2.056231450766103,41.46468763136878],[2.056059155312129,41.46463499362621],[2.055802798238489,41.464562507421654],[2.055564291932773,41.46449195057388],[2.055569420277009,41.46448263899851],[2.055386115402364,41.46442793229716],[2.055321330342898,41.46440629865622],[2.055329797437886,41.46439000936599],[2.055404405017548,41.46425095245499],[2.055415667197049,41.4642298955713],[2.055363247326996,41.46421386461709],[2.055374714796574,41.464194340675064],[2.055288229507401,41.4641674194337],[2.055079286786999,41.46410468735838],[2.054968210797229,41.46407196794151],[2.05487187892227,41.464260218223544],[2.054846200359026,41.464253134748056],[2.054522639810442,41.46418015689474],[2.054491819972294,41.464235227000245],[2.054173482610287,41.46414563644323],[2.053911280920896,41.46428864436456],[2.053939413244029,41.46429579325341],[2.053785397993876,41.46440854255345],[2.053723814344217,41.46445126265225],[2.053588321942096,41.46451547912861],[2.053570387287543,41.464557833395865],[2.05352295619265,41.464544835751475],[2.052952024539719,41.464914000873385],[2.052961361485991,41.4646218966654],[2.052714678511261,41.46460573420003],[2.052509140782462,41.46459456137586],[2.052342367512523,41.46458393753428],[2.052303777000722,41.4645814784825],[2.052300944390657,41.46460581479982],[2.052280274962586,41.46479799996012],[2.051978742521865,41.46477902090759],[2.051842190950725,41.46477023988747],[2.051848747619271,41.46469823494946],[2.051645871402286,41.464687601266476],[2.051637159579657,41.46468144951421],[2.051644289579186,41.4645700871099],[2.051362116956117,41.464551269402975],[2.051144233418735,41.464536773092405],[2.051130723484967,41.46464214701478],[2.051043663384892,41.464635853728666],[2.050956441557013,41.464626736218236],[2.050777277445347,41.46461652569346],[2.050784502433987,41.46456223433528],[2.050259498489432,41.464525161830394],[2.050182133830552,41.464467434751576],[2.050128065198479,41.464463538748824],[2.05002012729591,41.464456036548164],[2.049775278340711,41.46443901820957],[2.049768578738899,41.464488656552106],[2.049756348772159,41.46457919673283],[2.049531646896149,41.4645666857506],[2.04943712394965,41.46456141050791],[2.049304731776227,41.4645540389534],[2.049265594687619,41.46455184216086],[2.049137796988923,41.464544733548124],[2.049082537505005,41.46454284486655],[2.049083032326117,41.46453930005161],[2.048944689976119,41.464536769926404],[2.048794689001682,41.46453227876391],[2.048799704176544,41.464488976754815],[2.048422375846439,41.46445829538515],[2.048380140425562,41.46445421632636]]]},"properties":{"codiseccio":"3-2","districte":3,"nomdistricte":"Valldoreix","seccio":2,"sup":106.147,"id":4}},{"id":5,"type":"Feature","geometry":{"type":"Polygon","coordinates":[[[2.053729117959362,41.4553829060574],[2.053338429974355,41.45522879682753],[2.053361878136626,41.45479168190815],[2.05324707578462,41.454456325893254],[2.052867085189803,41.45354642925126],[2.052927382135926,41.45351477037827],[2.054025847607532,41.453806766812946],[2.054389547320746,41.4540734260655],[2.054921091059318,41.45337681263015],[2.055086408974883,41.45258715693492],[2.055652959157575,41.451832948245745],[2.05541737576517,41.45157377528726],[2.055780256408688,41.45130665044257],[2.056755615370543,41.45124390591371],[2.058195437128781,41.451170249800946],[2.058584379589347,41.45114696158518],[2.058747124336252,41.45112263508355],[2.058910464891977,41.45105704845405],[2.05900021493159,41.451027423355974],[2.059169838706187,41.45100505078712],[2.059284405027522,41.45096836857687],[2.059349233047404,41.45091350395114],[2.059376356431995,41.45085758433626],[2.059421808946935,41.450808043693144],[2.059499568749603,41.450768834589894],[2.059637968667209,41.450719807239764],[2.05970495176274,41.45069989521318],[2.059797846903547,41.45064521615553],[2.059846201033821,41.450576928937764],[2.059872747268432,41.45050017362273],[2.059900444715596,41.45046522113731],[2.059970078225476,41.45043807088275],[2.06012579525973,41.45041060653677],[2.060260211169828,41.45039430761695],[2.060363644250413,41.45039816111153],[2.060415702934395,41.450393696197985],[2.060531012993042,41.45037131652817],[2.060686596105024,41.45034385065195],[2.060781036813617,41.45034157278081],[2.060895142875183,41.45036475939012],[2.060963668994871,41.45037190312433],[2.061020807549714,41.450372369226066],[2.06106829398918,41.45036384785544],[2.061125756201663,41.450341851090144],[2.061174142394521,41.450306610869305],[2.061221882271547,41.45022895312908],[2.061246145548465,41.45012285615209],[2.061284529397461,41.450051084157735],[2.061332250682113,41.450007489229776],[2.061441585025958,41.44997050555851],[2.061666361170071,41.44992346684672],[2.061766489019066,41.44990251301331],[2.061910410484584,41.44989124612095],[2.062019040901986,41.44990312736181],[2.062123984352225,41.44994552296003],[2.062186711370502,41.44998757453338],[2.062267580629782,41.450010225386244],[2.06235390120308,41.4499926018468],[2.062451904118962,41.44995308135217],[2.062559297688751,41.44993807284917],[2.062672922465904,41.449941441685645],[2.062820296855891,41.449969310573586],[2.062968988097386,41.45001854058182],[2.063092306964323,41.450076125514634],[2.063171058283347,41.450104684789714],[2.063248453055333,41.45012084119953],[2.063307786715555,41.45012627091036],[2.063360472041499,41.45012297450975],[2.063473853564419,41.4501037524895],[2.063584231685597,41.45006851792173],[2.063671820893381,41.45004068875051],[2.063999356199459,41.44996200911876],[2.064241306374524,41.44988897808595],[2.064327100179074,41.449856102882386],[2.064443546540836,41.44980576811851],[2.064593434404578,41.44971793484867],[2.064689016374639,41.44967697041514],[2.064801157211645,41.44964124212108],[2.064895050550397,41.449627627406066],[2.065074874168872,41.449642182009555],[2.06525065514779,41.44966130500829],[2.065412062462077,41.449711198209386],[2.065484929912456,41.44972657581115],[2.065579246081223,41.44974071928638],[2.065647553849758,41.4497412737538],[2.065754438228154,41.449727355255305],[2.065822062588536,41.44971030166981],[2.065973898718558,41.449672011289145],[2.066423474909667,41.45006245330196],[2.066590372600146,41.450220084343336],[2.066700421318423,41.45032402228741],[2.066830734660081,41.450447099041725],[2.067020254032541,41.45062609289783],[2.067129000262363,41.45074744893892],[2.067307306924448,41.45100055079432],[2.06739437924446,41.45119465965921],[2.067471351357516,41.45134571109805],[2.067525638278657,41.45145224426819],[2.067573067039657,41.451534657948336],[2.067638673304102,41.451629250795875],[2.067722060661364,41.45175745516721],[2.067754645047442,41.45180755206643],[2.067838309141,41.451887750815004],[2.067906488022417,41.45195310555468],[2.068071196767617,41.45209742382192],[2.0682918892064,41.45225104731172],[2.068463049052141,41.45236481306351],[2.06859186484882,41.45245991686529],[2.068712987110782,41.4525393965019],[2.06911508433062,41.45281533350926],[2.069558006257605,41.4526184516028],[2.070082165902945,41.4529539247063],[2.070210364081418,41.453034192736496],[2.070269066080307,41.453078422722456],[2.070352899149264,41.453151488749185],[2.070398697938501,41.45318513514003],[2.070467132675709,41.453227262808284],[2.070503622382679,41.45325948203539],[2.070564558712734,41.45333371732596],[2.07061504817179,41.45339287017773],[2.07065836002,41.45344361372333],[2.070689181101718,41.453493497244],[2.070702853308283,41.45356141929886],[2.070716349881538,41.45361847806234],[2.070732092475834,41.45364953860661],[2.070774478599255,41.453695816064645],[2.070808742471674,41.45371629587107],[2.070833033112207,41.45372537778979],[2.070905978440401,41.453642008628215],[2.071022494253708,41.45352419104609],[2.071146128200698,41.45340925459815],[2.071475739535529,41.453146808254395],[2.071490626640734,41.45313930358013],[2.071515389100143,41.453135301367766],[2.071542216612985,41.45314559702767],[2.0719385415509,41.45350979128637],[2.072393136731615,41.45392818283824],[2.072393127651757,41.45394563909034],[2.072183628028516,41.45423033365577],[2.072212013280156,41.454240945984594],[2.072300964793417,41.45426847643994],[2.07247038572399,41.45433437414547],[2.072578678114183,41.454383942664734],[2.072629483624561,41.45441254996305],[2.072698208603389,41.45446347387624],[2.072769582823348,41.454529427189065],[2.072811762520093,41.45455323545989],[2.072855180365537,41.45456401995272],[2.072918015096977,41.45457252714512],[2.072948577617707,41.45457835365315],[2.073016728956255,41.45460648156732],[2.073056004084976,41.45463362886715],[2.073125510629939,41.454697439376005],[2.073248025572495,41.45483049078313],[2.073299058485101,41.45490959869725],[2.073318865634972,41.454950859626024],[2.073340494155157,41.45501384493957],[2.073366710745832,41.45510512997508],[2.073399236748676,41.455144344485376],[2.07343807755408,41.45518024912887],[2.073644099615169,41.45531979241598],[2.073797616360297,41.45541333548178],[2.07385193942759,41.45544944182898],[2.074012548476651,41.4555562190276],[2.073869920317017,41.45565772758225],[2.073733396217094,41.45574316432768],[2.073582335111345,41.45582628608075],[2.07346787431935,41.455894368499116],[2.07337807433952,41.45596017557847],[2.07358105614784,41.45608807474903],[2.073855403303307,41.45624003024386],[2.073732090146664,41.4564068817085],[2.073588798295139,41.45660535931874],[2.073757606967323,41.45666864357434],[2.073919873977494,41.45675415022381],[2.073795064552589,41.45687712372366],[2.073654662151248,41.457022219847524],[2.073618336442569,41.45705833536957],[2.073559627638351,41.45711466381103],[2.073680601424078,41.457220485406516],[2.073757420217571,41.457288803805795],[2.073903334785165,41.4574322630847],[2.074017752540799,41.45764546396839],[2.07405937717418,41.457800706124935],[2.074061847400468,41.45785847327237],[2.073933113289223,41.45786821802722],[2.073704648083921,41.457885511739924],[2.073591415521016,41.45792842142121],[2.07347570361005,41.45796296118696],[2.07307582897643,41.45808473734662],[2.072736951635911,41.45812956700031],[2.072687115656636,41.45813140837258],[2.072567735784621,41.45813758043826],[2.072567759087765,41.458137625662914],[2.072338966218771,41.4583968160681],[2.07198583379616,41.458348662481185],[2.071971870085561,41.45840473346638],[2.071948648840829,41.45844875449387],[2.071916839689666,41.458489612238544],[2.071840870958276,41.458555330081175],[2.071612454020611,41.45872230444518],[2.07157157543354,41.45875553625141],[2.071550501450526,41.458782028129974],[2.071539330492604,41.45880215960288],[2.071545964529192,41.45888444152098],[2.071557968671214,41.45900327367829],[2.071590267298672,41.45923390703074],[2.071505990846372,41.45929729678114],[2.071499172374344,41.4593076442211],[2.071480237048287,41.45936858064112],[2.071467432947793,41.45939491402534],[2.071450986243741,41.45947644679285],[2.071434539497013,41.459557979556706],[2.071402837957259,41.459636583454696],[2.071371161681147,41.45968737274906],[2.071322864965071,41.4597667705009],[2.071306340796713,41.45979775377528],[2.071294896346968,41.459828605456394],[2.071290317183216,41.45984676368148],[2.071270622887377,41.45995659392727],[2.071278493788656,41.45997957929913],[2.071291085582626,41.4600067553328],[2.071311577909146,41.46003942297247],[2.071450230805418,41.46012120264706],[2.071591907937294,41.46014624202541],[2.071759887210858,41.46015647802996],[2.071842624000132,41.460203298414925],[2.071840524480545,41.46026451427714],[2.071845117285638,41.460295969058656],[2.07187391306181,41.46035993747961],[2.07188934908994,41.46038167064995],[2.071898217766913,41.46039120875485],[2.071932221340576,41.46042665690429],[2.071992046612225,41.460484399162155],[2.072006776005438,41.460495223184225],[2.072083035879543,41.460552171998195],[2.072094712508587,41.460564154000345],[2.072109908658923,41.46059180756005],[2.072106850812024,41.4606324692524],[2.072086609065921,41.46066229165226],[2.072056220936476,41.460683177997375],[2.071899179975475,41.46077746219612],[2.071797578957845,41.460854047879295],[2.071695977701118,41.46093063346896],[2.071432657796048,41.46106539473695],[2.07128052319333,41.461144224965736],[2.071036916138032,41.46125804908234],[2.070986951322865,41.46127363052607],[2.070898955494821,41.46133589511673],[2.070714992714485,41.461199325585206],[2.070443915819289,41.46100061377952],[2.07025928428657,41.46086121963131],[2.070167481769337,41.460796480650906],[2.070040691533236,41.46073183388282],[2.069879201393289,41.460855635945705],[2.06980551436513,41.46089916765109],[2.069770554687004,41.46091981828378],[2.069598810517403,41.46102131251168],[2.069555639230719,41.46105182217514],[2.069514480885151,41.46108090922685],[2.069520897082265,41.46108574302161],[2.069301418397504,41.4612278164858],[2.069183641538928,41.46112390978901],[2.069044217706246,41.46100145284231],[2.069018500939718,41.46101412330142],[2.068970761007352,41.460959289661304],[2.068765516637997,41.460730481273224],[2.06858266926094,41.46080031329024],[2.068505535357815,41.46082944049154],[2.068205746873267,41.46094034244714],[2.067897071668395,41.46105888692847],[2.067814906749077,41.461097484736726],[2.067619959765777,41.4611876549686],[2.067579139304037,41.461206537049286],[2.067579200944965,41.461206479401916],[2.067474360980739,41.46125499463761],[2.067419841016772,41.461280223965986],[2.067272180301678,41.46134853748318],[2.067171517277457,41.46139095716698],[2.067178139710709,41.461389873675095],[2.067007971194514,41.46145977212202],[2.066787487501536,41.4615503374363],[2.066507373611683,41.461657496720136],[2.066464986380781,41.46139591198709],[2.066273981371407,41.461322835149275],[2.066064445340328,41.461396427909],[2.065928080110511,41.461144555989705],[2.065885318080181,41.46116478182694],[2.065514573438083,41.461145856515635],[2.065287992546446,41.46087104819831],[2.065480585356158,41.46057051772236],[2.06539240517048,41.460538940609446],[2.065475632196823,41.46040652995341],[2.066055521645136,41.45954938329162],[2.065976803198712,41.45935584970327],[2.065660188856516,41.45789300255951],[2.065009985003512,41.457329007987035],[2.064559948631594,41.45693171146589],[2.064175967166672,41.45663653476756],[2.063823553877052,41.456493990366845],[2.063436110263444,41.45644004636076],[2.062932353988665,41.45625817354189],[2.062243319030202,41.456049393114114],[2.061654087195383,41.45594300674256],[2.059527040384537,41.45596374194694],[2.058832700484206,41.45612314175428],[2.058070481948192,41.45630737806094],[2.057732757442102,41.45631731203052],[2.057329913044605,41.456161636855974],[2.057062086282177,41.456007066382796],[2.056555777487266,41.45600291770604],[2.056303174888583,41.45596275285357],[2.055882907275775,41.45584502397385],[2.055072447228493,41.4558637698497],[2.053729117959362,41.4553829060574]]]},"properties":{"codiseccio":"3-4","districte":3,"nomdistricte":"Valldoreix","seccio":4,"sup":117.004,"id":5}},{"id":6,"type":"Feature","geometry":{"type":"Polygon","coordinates":[[[2.04978368666192,41.475050103932226],[2.05044221023923,41.47472630687433],[2.05141070979837,41.47341736563961],[2.052224325397262,41.47231770441052],[2.052873491505124,41.47173621916004],[2.053705724006791,41.47119149389458],[2.054370432056556,41.47082924316972],[2.05618978023969,41.47027274961013],[2.058329844899704,41.469826679136645],[2.062390182781592,41.46898022423304],[2.064405126844639,41.46867058545849],[2.06477177488606,41.46865970498213],[2.064873200940341,41.470696902243795],[2.064877302030853,41.472923393257915],[2.064595806221891,41.474088636663204],[2.065662718642295,41.47772661304638],[2.065700979121857,41.47881749076574],[2.064779631506894,41.478915848406],[2.064603553611873,41.4790324859184],[2.06447960950115,41.479162670624646],[2.063612034266148,41.47924721140403],[2.063253041826192,41.47933543807752],[2.062526959260254,41.47951387734888],[2.057083093519259,41.48020968483156],[2.05664850001991,41.48026478948934],[2.054203236089091,41.480907427487544],[2.052784803241322,41.47956253766436],[2.052278234887552,41.47900759583084],[2.052088338263681,41.47845526021345],[2.051625486907476,41.47761784665428],[2.051528265861437,41.477497959711556],[2.051434732162601,41.47712504569333],[2.051042599904591,41.47686875590468],[2.050946465981535,41.47667444877615],[2.051009093287809,41.47645167921578],[2.050694610449094,41.47630022853879],[2.050480168220948,41.47607517369658],[2.04978368666192,41.475050103932226]]]},"properties":{"codiseccio":"5-7","districte":5,"nomdistricte":"Mira-sol","seccio":7,"sup":125.36,"id":6}},{"id":7,"type":"Feature","geometry":{"type":"Polygon","coordinates":[[[2.070063626580191,41.48231239289084],[2.072551572941703,41.482360261201215],[2.072884654116934,41.48146428591111],[2.073321108811712,41.480593754646016],[2.075333219713029,41.48075773090857],[2.076840835862466,41.48069593587407],[2.078652226744585,41.48088922107148],[2.079941176948671,41.48111585192374],[2.081376400403182,41.48147084673083],[2.083031168524855,41.48205157807931],[2.084212451527541,41.482608963273016],[2.086004897880184,41.48338445692738],[2.086392126890722,41.4835514446915],[2.088188653839221,41.4843579706175],[2.0887361886716,41.484580027878],[2.083721448685895,41.487838375377734],[2.082998743677372,41.48768509843059],[2.08128173095774,41.48753309791641],[2.079406803048411,41.48746871127215],[2.077376101010942,41.48745026194469],[2.075979269539416,41.487707577838],[2.073410394925816,41.4879544887416],[2.072609593784799,41.48798906899758],[2.071554762708831,41.487980564677756],[2.070468644173213,41.48804018142585],[2.069781850669292,41.488157722792295],[2.069100921394718,41.48828898416365],[2.068602314615872,41.48838980482788],[2.068189949108576,41.48839558479596],[2.067985920835875,41.48824804815696],[2.067746956670454,41.487999932499704],[2.068052371538593,41.486994890135186],[2.067914966107484,41.486852451684754],[2.067872962506032,41.48676503760799],[2.067931904997057,41.486654928090346],[2.0681765052398,41.48654391879264],[2.068260825306234,41.486234476910255],[2.068634570009962,41.48423491351201],[2.068782192896858,41.484190431493836],[2.068891854470944,41.48411919719544],[2.068969944651144,41.48402126245019],[2.068925923299952,41.483859833349044],[2.068881902160261,41.4836984042289],[2.06980473684611,41.48284761804164],[2.069950845190422,41.482685322755785],[2.07004616966484,41.482499172644665],[2.070063626580191,41.48231239289084]]]},"properties":{"codiseccio":"1-17","districte":1,"nomdistricte":"Nucli Est","seccio":17,"sup":101.526,"id":7}},{"id":8,"type":"Feature","geometry":{"type":"Polygon","coordinates":[[[2.073057409267199,41.444569261767995],[2.072984051808615,41.44446735374188],[2.072773050142247,41.4439923081884],[2.07274329683887,41.44381608083777],[2.072637823270958,41.44329333663744],[2.072424496212215,41.44298212226653],[2.072288929526092,41.44230742163097],[2.072460916723779,41.4415563081889],[2.073059850366604,41.440838975731495],[2.073916120397499,41.44017225887321],[2.074491661062629,41.439964488380454],[2.076468646341269,41.43703712015769],[2.078288874426715,41.43779956471214],[2.07859113426738,41.438244212586504],[2.080682949535482,41.43869963791003],[2.081356958667699,41.43868763888395],[2.083216066515409,41.43846733872155],[2.083282673469477,41.43811874156899],[2.086827310078263,41.43816918871998],[2.087891079227118,41.438890532259904],[2.088847558708632,41.44027307107108],[2.088987875671271,41.44034556929522],[2.088954773395035,41.440381545765476],[2.088896361239854,41.4404360268854],[2.088867176852722,41.440467533264325],[2.0888502264959,41.44049156970365],[2.088837589646934,41.440523974970056],[2.088835705888545,41.440533900736376],[2.088831283276827,41.440578933999426],[2.088839700640586,41.44061067243842],[2.088852385128764,41.4406411619537],[2.088897487200732,41.440697476751076],[2.088942589350142,41.44075379153121],[2.088957876303276,41.440773717414594],[2.088970016467104,41.440793617646214],[2.088985973516084,41.44083683667282],[2.088997010393078,41.44086633378176],[2.089008940514466,41.44088917270045],[2.089025395338267,41.44091573306338],[2.08904327604922,41.44093785736614],[2.089058367598023,41.44095391680842],[2.089071488853269,41.44096610593389],[2.089089273362374,41.440981457465135],[2.089112831554143,41.440999771818966],[2.089128744899329,41.441010316092836],[2.089145480149438,41.4410214919692],[2.089165119713086,41.44103289918952],[2.089185789126488,41.44104379938409],[2.089213245860427,41.44105672126752],[2.089231138138384,41.441064364043065],[2.089289695298027,41.441084830555035],[2.089339924136004,41.441096896467855],[2.089370201566191,41.44110268636398],[2.089433299448644,41.44111263752019],[2.089454549233818,41.4411178064117],[2.089469168492149,41.44112188101966],[2.089481337004466,41.44112546741576],[2.089484507282486,41.44112648223472],[2.08948822913476,41.441127657691545],[2.089492845749142,41.44112920486771],[2.089500251934394,41.441131763851175],[2.089504419349413,41.441133255382326],[2.089510196983053,41.441135384974395],[2.089514611832717,41.4411370605593],[2.089521599791837,41.44113982460076],[2.089527416110677,41.44114221473284],[2.089530478923119,41.4411434891596],[2.089536913126563,41.44114624882048],[2.089541350510372,41.441148237357524],[2.08954461807216,41.441149721770486],[2.089548675839732,41.441151629167216],[2.089555311883534,41.44115480715784],[2.089560021054465,41.44115716248623],[2.089564042394352,41.44115919982377],[2.089568612762867,41.44116158009999],[2.08957355983853,41.441164249860094],[2.089577442012475,41.44116633818838],[2.089583279486921,41.44116969218321],[2.089590969888014,41.44117420685099],[2.089594916917857,41.44117660824248],[2.08960198543478,41.44118103985369],[2.089606547803969,41.441183993074844],[2.089808446198656,41.441315115468555],[2.089987805223177,41.44143032548628],[2.09000905912744,41.44144510807323],[2.090022893219807,41.441455844154284],[2.090032750369387,41.44146384002429],[2.090040411387448,41.44147046414745],[2.09005162385607,41.4414805544008],[2.090063237105788,41.44149168965694],[2.09007361021601,41.44150239837517],[2.090082473576872,41.441512157506914],[2.090091332577782,41.44152222915424],[2.090098957253971,41.44153145757604],[2.090105892640069,41.441540472181984],[2.090113769479948,41.441551473716935],[2.090121225185351,41.44156288865725],[2.090129006745872,41.44157499827305],[2.09014067314041,41.44158804643044],[2.09015181584763,41.441603136934994],[2.090162929478212,41.44162031088044],[2.090169120334088,41.44163307020754],[2.090174739982115,41.441647075222946],[2.090179126865131,41.44166148228786],[2.090183146498531,41.44167964694253],[2.0901862835602,41.44171280211734],[2.09037268047064,41.441868023487544],[2.090660674922323,41.44267601439465],[2.090887094456929,41.44331123778497],[2.090986706889405,41.443516123392016],[2.091212679749737,41.44366725044678],[2.092040898669195,41.443902438932454],[2.092425569532569,41.444060751059816],[2.091845386381776,41.44489498180739],[2.091679325953848,41.44501678495423],[2.091262167280469,41.4450632766268],[2.091029588316359,41.445148560097],[2.090890953837306,41.44537147065778],[2.090872548757947,41.44550573389025],[2.092872492299535,41.44613007854324],[2.093815576173093,41.446436668567756],[2.094373722506888,41.4471092891921],[2.094193526120582,41.447282476189436],[2.094149409300426,41.44743246269748],[2.094145780249837,41.44769354089828],[2.094093085991433,41.4478576915817],[2.093996870709644,41.44797561598453],[2.093869895089346,41.448037920637944],[2.093120038019959,41.448308939481485],[2.092867208919421,41.448354425470534],[2.092403676226475,41.44843780139296],[2.091760416925883,41.448598887644245],[2.09150692409069,41.44869183442875],[2.091411475066963,41.44875437614763],[2.091357649075429,41.448833344468994],[2.091253122269757,41.44900478527099],[2.09112990207047,41.44928319825863],[2.091007466238311,41.44955977125114],[2.090983878987075,41.44963819667888],[2.091038803626219,41.44980297244798],[2.091090980412113,41.44988723784286],[2.091087106037784,41.45002073896723],[2.090925556242151,41.45016615366212],[2.090730234534589,41.450191282203484],[2.0906822874156,41.450134227371585],[2.090634341191863,41.45007717316987],[2.090460371642459,41.449842427829054],[2.08993344251728,41.449498208512665],[2.089258656140229,41.44907938371036],[2.089134286773884,41.448923922698164],[2.088988042673843,41.448804633315184],[2.088731071799929,41.448581782852806],[2.087366685293618,41.44815600819923],[2.086754974560702,41.447897774044264],[2.085539706561789,41.44790280538622],[2.084161405490865,41.44784358511741],[2.083232551443904,41.44775414446429],[2.082842393910069,41.44767381582586],[2.082510233534636,41.44757464292636],[2.082241056947747,41.44755801832712],[2.08153483631631,41.447146976568966],[2.081387523520909,41.447131322213],[2.08109085677546,41.44724478564953],[2.080582057141982,41.447390338313966],[2.080322428446031,41.44715177567362],[2.080224303298124,41.44683245587233],[2.079999072891859,41.44688374535166],[2.0792808902331,41.44720739835998],[2.078495440953305,41.44741105747794],[2.078205628179524,41.44703952520209],[2.078007315664529,41.44677490367385],[2.077849737863414,41.446578176319015],[2.077760970232366,41.4465050706914],[2.077697277085802,41.446473189447005],[2.077565389831664,41.44627425437601],[2.077534301904508,41.4462525454595],[2.077349776522365,41.44590734941777],[2.077117545357028,41.44578392931592],[2.076565327376232,41.445439975282866],[2.076383172160829,41.44532114705864],[2.076316032239367,41.44534156671705],[2.07632017684466,41.44544220014126],[2.076280234603522,41.44550894641735],[2.075933943604728,41.4451792166075],[2.075820356474332,41.44493937934445],[2.075738289289902,41.44483392860806],[2.075517383762874,41.44469802117918],[2.075340802718201,41.444579236063696],[2.075259390907672,41.44442768183007],[2.075171874059808,41.44431380355728],[2.074680034351643,41.444427217991624],[2.074461429034253,41.44452186909831],[2.074209554405983,41.44499769454376],[2.074010666728706,41.445272745311215],[2.073892560202268,41.44535143699229],[2.073821040499964,41.445287986489696],[2.073812461225265,41.44510767550557],[2.073753273616801,41.444960490707885],[2.073654260896087,41.44487166883772],[2.073616520560872,41.444783339983736],[2.073596503663149,41.44462389529449],[2.073391062531074,41.444576133389766],[2.073057409267199,41.444569261767995]]]},"properties":{"codiseccio":"4-3","districte":4,"nomdistricte":"La Floresta","seccio":3,"sup":147.941,"id":8}},{"id":9,"type":"Feature","geometry":{"type":"Polygon","coordinates":[[[2.070898955494821,41.46133589511673],[2.070986951322866,41.461273630526065],[2.071036916138034,41.461258049082325],[2.07128052319333,41.461144224965736],[2.071432657796048,41.46106539473695],[2.071695977701118,41.46093063346896],[2.071797578957845,41.46085404787929],[2.071899179975475,41.46077746219612],[2.072056220936477,41.460683177997375],[2.072086609065923,41.460662291652255],[2.072106850812026,41.4606324692524],[2.072109908658923,41.460591807560036],[2.072094712508587,41.460564154000345],[2.072083035879543,41.460552171998195],[2.072006776005438,41.460495223184225],[2.071992046612225,41.46048439916215],[2.071932221340576,41.46042665690428],[2.071898217766913,41.46039120875485],[2.07188934908994,41.46038167064995],[2.07187391306181,41.46035993747961],[2.071845117285638,41.460295969058656],[2.071840524480546,41.46026451427714],[2.071842624000132,41.460203298414925],[2.07175988721086,41.460156478029944],[2.071591907937294,41.46014624202541],[2.071450230805418,41.46012120264706],[2.071311577909148,41.46003942297246],[2.071291085582626,41.4600067553328],[2.071278493788656,41.459979579299116],[2.071270622887378,41.45995659392727],[2.071290317183216,41.45984676368148],[2.071294896346969,41.45982860545638],[2.071306340796713,41.45979775377528],[2.071322864965071,41.4597667705009],[2.071371161681147,41.45968737274906],[2.071402837957259,41.459636583454696],[2.071434539497013,41.459557979556706],[2.071450986243742,41.45947644679285],[2.071467432947793,41.45939491402534],[2.071480237048287,41.45936858064112],[2.071499172374344,41.4593076442211],[2.071505990846372,41.45929729678112],[2.071590267298672,41.45923390703074],[2.071557968671214,41.45900327367829],[2.071545964529194,41.45888444152098],[2.071539330492604,41.45880215960288],[2.071550501450528,41.45878202812996],[2.07157157543354,41.45875553625141],[2.071612454020611,41.45872230444518],[2.071840870958277,41.458555330081175],[2.071916839689667,41.45848961223853],[2.07194864884083,41.45844875449387],[2.071971870085561,41.45840473346638],[2.071985833796162,41.458348662481185],[2.072338966218772,41.458396816068095],[2.072567759087765,41.45813762566291],[2.072567735784622,41.45813758043826],[2.072687115656636,41.45813140837258],[2.072736951635911,41.45812956700031],[2.073075828976431,41.45808473734661],[2.07347570361005,41.45796296118696],[2.073591415521016,41.45792842142121],[2.073704648083923,41.457885511739924],[2.073933113289223,41.45786821802722],[2.074061847400468,41.45785847327237],[2.07405937717418,41.457800706124935],[2.074017752540799,41.45764546396839],[2.073903334785165,41.4574322630847],[2.073757420217571,41.457288803805795],[2.073680601424078,41.4572204854065],[2.073559627638353,41.45711466381103],[2.073618336442569,41.45705833536957],[2.073654662151248,41.457022219847524],[2.073795064552589,41.45687712372366],[2.073919873977494,41.45675415022381],[2.073757606967323,41.45666864357434],[2.073588798295139,41.45660535931874],[2.073732090146664,41.4564068817085],[2.073855403303308,41.45624003024386],[2.07358105614784,41.45608807474902],[2.073378074339522,41.45596017557847],[2.07346787431935,41.455894368499116],[2.073582335111345,41.45582628608075],[2.073733396217094,41.45574316432767],[2.073869920317017,41.45565772758225],[2.074012548476652,41.45555621902759],[2.07501412299395,41.454835608902144],[2.077569164769289,41.453184799047555],[2.07790890794132,41.452988754845094],[2.078037437575859,41.45290723156875],[2.078244502043,41.45270501643118],[2.078468122493843,41.45236232800052],[2.07861436060212,41.45217474862765],[2.078716231652175,41.452056360096165],[2.078829478761379,41.45200044773526],[2.07905046979341,41.45192894980392],[2.07935785162779,41.4518244907737],[2.080210812297511,41.45160886268139],[2.080645261171122,41.45158525700794],[2.081585875275295,41.451272804607896],[2.081767949198848,41.45114876603252],[2.082030131499236,41.45090723397473],[2.082235724303193,41.450702765966895],[2.082496284314551,41.45033387325988],[2.082722244769982,41.4499307823606],[2.082741491345123,41.44972187394003],[2.082780895191914,41.44955062393459],[2.082847450216943,41.44943472454277],[2.082973617752296,41.44924617792226],[2.083127321793498,41.44908556625986],[2.083321443748451,41.448939291767566],[2.083590735362725,41.44877771731352],[2.083852806042386,41.44871368897615],[2.083948918662886,41.449107338761],[2.083985150320237,41.44915383505322],[2.084433619932882,41.44917187773687],[2.084683929219357,41.44917730012449],[2.084714716472722,41.44903015678524],[2.084772183994922,41.448671855179676],[2.085497043782548,41.4486963269644],[2.085809141753805,41.44863532174356],[2.086338422716009,41.44840496201521],[2.086514653991427,41.44828827354072],[2.086640680741289,41.448137039392435],[2.087366685293618,41.44815600819923],[2.088731071799929,41.448581782852806],[2.088988042673845,41.44880463331517],[2.089134286773884,41.448923922698164],[2.089258656140229,41.44907938371036],[2.08993344251728,41.449498208512665],[2.090460371642459,41.449842427829054],[2.090634341191863,41.45007717316987],[2.0906822874156,41.450134227371585],[2.090730234534589,41.450191282203484],[2.090925556242151,41.45016615366212],[2.091087106037784,41.450020738967225],[2.091090980412112,41.44988723784286],[2.091278450574577,41.45000739880482],[2.091611828023803,41.45021575010649],[2.091704742721052,41.45033516481963],[2.09167886973352,41.450683096798286],[2.091717921827825,41.45089703350412],[2.091831968757995,41.45100870634044],[2.092050754027062,41.45114493972366],[2.092164789988963,41.451256612141016],[2.092131286458674,41.451398763946884],[2.091993142398931,41.451508447394886],[2.0915408496582,41.451691602308955],[2.091381351924344,41.451824850992054],[2.091368965852223,41.45195926074195],[2.091430473071139,41.452070510227855],[2.091732108951864,41.452294436601804],[2.091877127011878,41.45244591423772],[2.091864962376902,41.45256449977509],[2.091769287369433,41.45264286595238],[2.091284271879239,41.45275771972462],[2.091062282309177,41.45285091410402],[2.090807778240563,41.45301506374682],[2.090564213453444,41.45314764724391],[2.089719016839101,41.453470106124435],[2.089475779809275,41.453578955396225],[2.089316174649712,41.45372010879845],[2.089244852565094,41.45389273668387],[2.089196109703409,41.454010713279175],[2.089140183962849,41.4542804806864],[2.089190293622312,41.45445494511584],[2.089294494750165,41.45451907352436],[2.089441391615127,41.45453606159082],[2.089756637787422,41.45453855480654],[2.089956176479996,41.454548040963914],[2.090165022866111,41.454644638812525],[2.090320046413554,41.45483337096045],[2.090359317093073,41.45503149271213],[2.090296543831601,41.45519055332331],[2.090272159305007,41.45525234083408],[2.09011067321989,41.45552799686457],[2.090044192720976,41.45577275172283],[2.090104927682824,41.45593938221008],[2.090260228193638,41.45610676906916],[2.090675932852084,41.456442363454514],[2.090894402423999,41.456602339943544],[2.090976364707528,41.45675725684568],[2.090973715307505,41.456947129785135],[2.090887440099744,41.45710469032272],[2.090664441131108,41.45726908830237],[2.090282921138688,41.45749552811456],[2.089880387443507,41.4577218005038],[2.089760256722714,41.45780491409721],[2.08961106311293,41.45810690983937],[2.088973137993724,41.4582694801719],[2.088554190654706,41.45832336307172],[2.087494749669975,41.45840392682821],[2.082995980726108,41.45941249300072],[2.082714463311417,41.459831499485915],[2.082202409047138,41.462449481577565],[2.07931773000446,41.4633041359793],[2.078933585978994,41.46263488600407],[2.07868554922868,41.46239214935903],[2.078446510600019,41.46232144967144],[2.077428710363775,41.46235628797861],[2.076113386135693,41.46241452444989],[2.07236630318383,41.46259518347357],[2.071949243075361,41.4622855270824],[2.070898955494821,41.46133589511673]]]},"properties":{"codiseccio":"2-11","districte":2,"nomdistricte":"Nucli Oest","seccio":11,"sup":161.881,"id":9}},{"id":10,"type":"Feature","geometry":{"type":"Polygon","coordinates":[[[2.023570722215986,41.457472527671456],[2.026046220674935,41.457793794568666],[2.034820539642804,41.458436186447855],[2.034891958101623,41.45910462846804],[2.03603071626393,41.4590886807172],[2.035902786648817,41.45949035437242],[2.035694597998461,41.45981998295365],[2.036508631245711,41.460224446816824],[2.036718400198955,41.45978777118477],[2.036767876505423,41.4591917146349],[2.036825929269665,41.45893220040252],[2.037005498028283,41.45870429106619],[2.037169328480076,41.45862409295553],[2.037346032592108,41.458589884637895],[2.037670679459285,41.458633383616935],[2.037806200105776,41.45863451655316],[2.038687611082913,41.45860619486225],[2.03901210859708,41.45865988489023],[2.039961730693588,41.45860153465091],[2.040998592150072,41.45814115819075],[2.041262231608111,41.45772531500304],[2.0413530944597,41.45753744423748],[2.042528818285334,41.45684879833455],[2.043214714960413,41.457211364672766],[2.043519330881965,41.45723428847124],[2.044292157311462,41.457215217511205],[2.045457089141048,41.45726057015687],[2.048095224220269,41.4575882997929],[2.049924597319362,41.45874194980682],[2.049848277566681,41.458766715961026],[2.04968037368469,41.45890777117932],[2.048216332315132,41.46070873389972],[2.048414601937883,41.46075418740742],[2.048010771616112,41.46230627642487],[2.047972346514518,41.46232746222973],[2.047896328076427,41.46296477394513],[2.04865750542437,41.463042746365794],[2.048442656886241,41.464051640054066],[2.048380140425562,41.46445421632636],[2.048337905010253,41.46445013725211],[2.048324996055904,41.46452152366454],[2.048316700415121,41.464567221510656],[2.048293093400405,41.464697849328616],[2.047952996765157,41.4646202486279],[2.047896656748306,41.4647365000761],[2.047836324029121,41.46486118081052],[2.047595705856566,41.464797269026135],[2.047566033174731,41.464858633889236],[2.047507600272549,41.46497955165278],[2.047403798793993,41.46519433799434],[2.047286540955622,41.46516082388625],[2.04720504169912,41.4651378290272],[2.047004980004655,41.46508089007267],[2.046640772919529,41.46497785173254],[2.046525069046842,41.465038638830904],[2.046408013915396,41.46532172541719],[2.046207546341217,41.46526838916512],[2.046098141570496,41.46550676391067],[2.045848015081692,41.46543518751714],[2.045627936714155,41.46548249373659],[2.045518341276226,41.46561549099085],[2.045473198380916,41.46566982254531],[2.045409631150428,41.465748112794586],[2.045345245389484,41.46582386169657],[2.045105888054918,41.465704520268936],[2.045002627246519,41.465833635677896],[2.044754671969488,41.46576443723799],[2.044641165033939,41.46582544782726],[2.044532793667186,41.46601388307927],[2.04439901146593,41.465973770580625],[2.044268969338813,41.466258971915536],[2.043829092276581,41.46613499825179],[2.0436335615545,41.46617682529809],[2.043535807538639,41.46638489378716],[2.04327405021352,41.466312866251435],[2.043262953112595,41.466309813571684],[2.043223532485051,41.4663867120457],[2.04321649971779,41.46638450082615],[2.04318896756753,41.46644247754166],[2.043129404857024,41.466567914336764],[2.043026200005903,41.46653888211343],[2.042984222388633,41.46662230975245],[2.042921491713747,41.4666948897996],[2.042896209463337,41.466724161726795],[2.042870927190021,41.46675343364829],[2.042840098754866,41.46678959405552],[2.042586946966115,41.46666330363186],[2.042523008821673,41.466735957074214],[2.042355069532087,41.466923309212724],[2.04233995210813,41.466944810110526],[2.04229465617844,41.46692160857676],[2.042155241935026,41.46684467397722],[2.042121673331803,41.46688106817514],[2.04199261325248,41.467037658919445],[2.041914697926151,41.4671324253713],[2.041750021473994,41.467055955460985],[2.041686951719463,41.46713180846226],[2.041467619502809,41.46725678775964],[2.041298526373577,41.467353838932915],[2.041214117028083,41.46727062864335],[2.041119848831639,41.46732333112823],[2.04090856457298,41.46744560324616],[2.04102824449194,41.46755889178335],[2.04088715383104,41.46764774204856],[2.040763814326243,41.46755159870081],[2.040648880715419,41.4674463039127],[2.040604813213858,41.467387275571575],[2.040598206355456,41.46737738484948],[2.040580623640793,41.46735155913954],[2.040565521786306,41.467321034950835],[2.04052487775234,41.46733708468191],[2.04051286519931,41.46730829028894],[2.040454057050483,41.467167325292586],[2.040413519196599,41.466913345978156],[2.040230091565823,41.46664792710551],[2.040116169028163,41.46654971005038],[2.039994144489427,41.46647942720196],[2.039896118434778,41.46643488755285],[2.039676763530542,41.46628975114049],[2.039391509534793,41.46600042299333],[2.039261267483768,41.46590802241932],[2.03913279507616,41.46587032604948],[2.038988270858508,41.46584806069649],[2.038794426702615,41.46578601255523],[2.038640287641332,41.46575542608256],[2.03847596589077,41.465754969101184],[2.038334498629297,41.46577301481118],[2.038185336591398,41.46581754841278],[2.038076703757234,41.46583769937045],[2.037889189304824,41.46584162571567],[2.037712452870033,41.46585754464765],[2.037511180168666,41.46587567325954],[2.037354679731447,41.46585089058349],[2.037258218566303,41.46578873867627],[2.037173361150017,41.46568273501375],[2.037051977646462,41.46557734131086],[2.036915678037988,41.46549288144528],[2.036827832242421,41.46542439207056],[2.036738405545755,41.46529820667313],[2.036668601538547,41.465162113849246],[2.036643112170539,41.46507491862542],[2.036585423441272,41.465024993439485],[2.036493588762316,41.46497936039051],[2.036390624379149,41.46494553687823],[2.036339655781277,41.464928793788864],[2.036272472583768,41.464950956863554],[2.036140648328675,41.46497548981098],[2.035982179519051,41.46500498117652],[2.035910798779108,41.46501025811307],[2.035844422902439,41.46500505479789],[2.035747368025307,41.46498318299621],[2.035654235150555,41.4649239252566],[2.035589516397164,41.46487473543527],[2.035530211751877,41.46480834527472],[2.035489152710131,41.46474754182423],[2.035283442977223,41.46448683851198],[2.035241938903424,41.464436450514064],[2.035191159136628,41.464403525973395],[2.035147640791038,41.46438143129155],[2.035084653657094,41.4643623468184],[2.034964204353246,41.46435859021312],[2.034793665221859,41.4643672318397],[2.034692309115743,41.46438927182647],[2.03461353447584,41.4644481250778],[2.034534759693457,41.46450697827304],[2.034331178031431,41.4646096487303],[2.034257162497727,41.46467586645196],[2.034139877888617,41.46482294241406],[2.034058927022788,41.464910427504904],[2.033982697613712,41.464972778446906],[2.033903636544089,41.46499867655159],[2.032136469362585,41.46550872368704],[2.032080910320825,41.465552015044956],[2.032018158561137,41.46557397317295],[2.031923066040244,41.46558309364399],[2.031733179961517,41.465640356417794],[2.03155802229603,41.46571229246442],[2.03148249043061,41.465765887488175],[2.031331901278134,41.46581692121402],[2.030911088444606,41.46590591327081],[2.03069220731202,41.46593316951711],[2.030526250964883,41.4659479748446],[2.030373417169111,41.46594524185568],[2.030127849557544,41.465931557483046],[2.0299552449786,41.465935910635025],[2.029559958139589,41.46595774525949],[2.029151768626715,41.46602060758239],[2.028901071692188,41.46604529037806],[2.028863607487355,41.466055045165604],[2.028843911495059,41.46608141119957],[2.028633125342185,41.46621562951524],[2.028294595188052,41.46640099975164],[2.028102847350548,41.46645846438816],[2.028012388730653,41.46648381255291],[2.027986797859543,41.46650103449092],[2.027871103598742,41.46666546992388],[2.027689479431706,41.466679131185074],[2.027637858701359,41.46668770215553],[2.027208370912137,41.46682008149442],[2.026180976020726,41.46721581750634],[2.024849344780405,41.467854865811354],[2.024237784142944,41.46806945851588],[2.021910336570069,41.468670296241626],[2.020379510255809,41.46901305845239],[2.019154729708057,41.469071977115156],[2.017972354967536,41.46886012392603],[2.017139828009651,41.468479208432576],[2.01649691850448,41.46799272108453],[2.015783691414914,41.467247117814495],[2.015332422868683,41.466680296781064],[2.01487812668189,41.46615578251335],[2.014627667314481,41.46569336201691],[2.01449856367691,41.465204058013214],[2.014454029594849,41.46450740884786],[2.014560148201149,41.46430024841579],[2.014629517976358,41.46406845323741],[2.014651404477443,41.463809229217574],[2.014610786242387,41.46356568295044],[2.014417120249585,41.46330731434969],[2.0141252345776,41.463130070453104],[2.013838600002155,41.463001510499986],[2.013486362024669,41.46285617397472],[2.012547572360329,41.46246170339435],[2.010877288081838,41.46198077178421],[2.010851057855606,41.4619733403439],[2.010661446458025,41.46192216922402],[2.009152416708112,41.461626349299785],[2.007948224609259,41.461521392658454],[2.006633959949971,41.46148933309706],[2.003279481979826,41.46168099435414],[2.002978999376174,41.461676588715534],[2.002904852555343,41.46167054158593],[2.00264066019794,41.46164212981471],[2.002375491698697,41.461599297221],[2.002166059855842,41.46151360297023],[2.001917442826866,41.4614252636171],[2.001517128125591,41.46126770551034],[2.001030993297245,41.461046722102964],[2.000401350825396,41.46067562756827],[2.000019884335495,41.460421597660336],[1.999730081275049,41.4602402729699],[2.010515781893141,41.45664513666128],[2.01068405603103,41.45697314485359],[2.010830098107011,41.45725394335725],[2.010984204645561,41.45755365657735],[2.011058269181698,41.45775351018858],[2.011114363932152,41.45787281112625],[2.011215500150219,41.45796390360616],[2.011349266931885,41.45798396012014],[2.011490825039556,41.45801030340834],[2.011653304371559,41.45803368523152],[2.011773846317884,41.458069270519616],[2.011917354860201,41.45815311240308],[2.011917354860189,41.458153112403004],[2.012081690915378,41.45827305232679],[2.012235746373289,41.458315320964964],[2.012327941642356,41.45833956826104],[2.012424305268538,41.45834926512667],[2.012648020825061,41.4583317886748],[2.012896443359514,41.45831744260747],[2.013540613649047,41.458237078497845],[2.013986856692385,41.458132413682925],[2.014733769071359,41.458410030510834],[2.015190929225354,41.45877557072579],[2.015566370386947,41.45898219803764],[2.015964003730635,41.45891327260293],[2.016453260423908,41.458745681074966],[2.01680029723606,41.458445782593245],[2.018474376568112,41.458206930703],[2.019109347377614,41.4583454317292],[2.01933102134281,41.4583814853581],[2.019817545160304,41.45839467016901],[2.020064763157011,41.458338010589586],[2.020727277032758,41.45801172213761],[2.020855194715168,41.45772988462517],[2.020903262173892,41.45772133782961],[2.021925858814519,41.45764866540712],[2.022566924350256,41.45757743523971],[2.022904213169877,41.457560282354954],[2.023392459876395,41.45753106501752],[2.023570722215986,41.457472527671456]]]},"properties":{"codiseccio":"3-1","districte":3,"nomdistricte":"Valldoreix","seccio":1,"sup":318.376,"id":10}},{"id":11,"type":"Feature","geometry":{"type":"Polygon","coordinates":[[[2.072938684897493,41.43602809893308],[2.072929993169778,41.43601398554989],[2.072909678416351,41.43597753216738],[2.07289717250324,41.43594248208854],[2.072899365640775,41.43591872938656],[2.072886818489065,41.435886472571454],[2.072859534171366,41.43584570935763],[2.072832182582725,41.43580914002638],[2.072806713743451,41.435771185018645],[2.072766425226037,41.435730313584614],[2.072729648155058,41.43570345454796],[2.072711411801962,41.43567954190241],[2.072691632424335,41.4356332415287],[2.072670297633591,41.435565964536295],[2.072651955807206,41.43554904021287],[2.072624212919903,41.43554042671083],[2.072592814824163,41.43552759047769],[2.072559436141221,41.435523128295095],[2.072528091652595,41.435506094585946],[2.07251530606877,41.435490615838766],[2.072519453183999,41.43547339996903],[2.072545367638681,41.435467087666055],[2.072575129267993,41.435464534990196],[2.072603055739093,41.435460563229995],[2.072647597286689,41.4354637191011],[2.072697794511893,41.4354613263998],[2.07275527920993,41.43546877861239],[2.072792473608513,41.43546628574817],[2.072833418087656,41.43546102255982],[2.072861563193785,41.43544167560611],[2.072899228648521,41.43540562528487],[2.072972928992014,41.43531813919409],[2.073028632018136,41.43527040736205],[2.073050027478924,41.43525305110226],[2.073093149541644,41.435225434668766],[2.073124847202428,41.435217304478904],[2.073174964706157,41.43522050503959],[2.073264091957933,41.43522401500833],[2.073458878892112,41.43524652668427],[2.073584963716563,41.435261550462464],[2.073696083632613,41.435286215001184],[2.073805501357573,41.43529967405305],[2.073879566080772,41.435317051100085],[2.073933102267463,41.435341247532655],[2.07398104096039,41.43536679974856],[2.074038392867038,41.43538403764322],[2.074112457816071,41.43540140993043],[2.074142100274028,41.43540724244792],[2.074188561201806,41.43540621526843],[2.074240654647254,41.43540104469867],[2.074255167449012,41.43538998804253],[2.074283835846968,41.43536923501521],[2.074304523288456,41.435351225112704],[2.074339941860152,41.43534312335521],[2.074410568307181,41.43534089532481],[2.074509113356367,41.4353445592931],[2.074594493976699,41.43534097314444],[2.074680024059241,41.435336071154595],[2.074724863281762,41.435318254149365],[2.07476628977611,41.435279440997896],[2.074796467899173,41.435247527765675],[2.074832098461834,41.43522404720784],[2.074869524675139,41.435204770889236],[2.07489423192833,41.43516582333001],[2.074967760182195,41.43495949540166],[2.074994796865411,41.4348870133857],[2.07506203447815,41.4347309645679],[2.075090608740612,41.4346808655697],[2.075113375154749,41.4346474907148],[2.075137961508862,41.43461693214503],[2.075153138035585,41.434594684532954],[2.075166543386491,41.43456682857608],[2.075168695904163,41.434545877165505],[2.075168973528658,41.43452630576235],[2.075171721011611,41.43446341134811],[2.075167260039124,41.434385083280965],[2.075162442139523,41.4343319177875],[2.075133712269399,41.434261781306496],[2.075102889365784,41.43420840688534],[2.07507768977574,41.434150882049885],[2.075072833884584,41.43410050869095],[2.075069871153496,41.43404735924935],[2.075074420373919,41.433988677199956],[2.075075094678655,41.43394114532841],[2.075074290665055,41.433867039912286],[2.075048621367344,41.43384306675667],[2.075010227345049,41.43379941541192],[2.074979041594991,41.43377120578908],[2.074981339179548,41.43374046353859],[2.074972487826371,41.4337096363156],[2.074947032275517,41.433670281039355],[2.074895993016794,41.433601364905094],[2.074867202668515,41.43353542460314],[2.074856874787192,41.43347801807155],[2.074849898458775,41.433445806224476],[2.074857846738591,41.43340951988258],[2.074872981856211,41.43339006902711],[2.07489762892493,41.43335531309718],[2.074916619138899,41.43332610581963],[2.074952347729756,41.43329563797026],[2.074996461879431,41.43326251998431],[2.075025402401858,41.433237207751475],[2.075048849451063,41.43322126406019],[2.075087445098291,41.43320165001905],[2.075106577803309,41.43318139651336],[2.075117790362989,41.433146533752655],[2.075121763014536,41.43311833683234],[2.075145634084977,41.433072819891805],[2.075169271711016,41.43304343430496],[2.075210794296022,41.43301284574148],[2.075264835721255,41.43298101453641],[2.075293682127666,41.43296243009676],[2.075354614050894,41.43294812946562],[2.075467355839605,41.432934125340076],[2.075519207643146,41.43293062943483],[2.075576230236916,41.43294050118005],[2.075620830864606,41.432944890028956],[2.075772726345837,41.43294073222839],[2.075887192433659,41.432930895263226],[2.076073257448391,41.43291087926708],[2.076130508690011,41.43290461933709],[2.076191181407186,41.43290913694482],[2.076298312431425,41.43291268526382],[2.076375169897383,41.43290927120564],[2.076462808925335,41.43290190826275],[2.076559337425732,41.43289730524029],[2.076627381579924,41.432885749664365],[2.076691982076618,41.43286475835334],[2.076805178697028,41.4328186154111],[2.076864480891252,41.4327935461871],[2.076916719216922,41.43276304638975],[2.07696914323957,41.43271910119559],[2.077102992105324,41.43260187120025],[2.07713709752406,41.43256818512419],[2.0771664034721,41.43253919669005],[2.077258483108143,41.43247002792613],[2.077325163672835,41.43242888436436],[2.077400903147396,41.43237841105081],[2.077472932671593,41.43233731026944],[2.077562981386073,41.43228560486742],[2.077633289269511,41.432240459474095],[2.077710679865735,41.4321994026482],[2.077788095487842,41.43215700278284],[2.077854577553523,41.43212930648983],[2.077929975707315,41.43210302360653],[2.078003551229837,41.4320794136043],[2.078102298622928,41.432043904916526],[2.078213513636345,41.43201118811261],[2.078285054316895,41.43200503691036],[2.078406643785747,41.43199660226336],[2.078521088881811,41.43198810569005],[2.078606994242567,41.431976696516166],[2.0786945687188,41.431973362067176],[2.078776710382722,41.43197536605153],[2.078983768406894,41.43198643084932],[2.079033837731843,41.431982800693895],[2.079080371350795,41.431976448939935],[2.079150217641517,41.43196356424804],[2.079216458332995,41.4319533393562],[2.0792593642664,41.43195099384195],[2.079321912718209,41.4319488054023],[2.079361282869449,41.43194374289178],[2.079400711465984,41.43193464896626],[2.079438336521122,41.431926883793196],[2.079508106786443,41.431919375637854],[2.079527719007247,41.43192222113226],[2.079561538009638,41.43193055757433],[2.079597223615624,41.43193353156733],[2.079686566624658,41.431931557148715],[2.079756336869089,41.43192404884277],[2.07982432406096,41.43191652624241],[2.079874448698897,41.43190886083519],[2.079922828224011,41.43189849277763],[2.079982014539806,41.43188149166706],[2.080053934247275,41.431848454426905],[2.080120610819672,41.43180731496751],[2.080183691605231,41.43176748762081],[2.080216201654045,41.4317422025893],[2.080225514427006,41.43171539018076],[2.080250456042232,41.431593254446355],[2.080265560112379,41.431535566159646],[2.080273576662932,41.43147378937824],[2.080269302180246,41.43139712895909],[2.080264566515033,41.43135273018593],[2.080259647460189,41.431321767590035],[2.080242507120794,41.431270545701125],[2.080221661899559,41.43122870574763],[2.08016404396838,41.43113414038296],[2.08016105967329,41.43109243966713],[2.080161590633157,41.431054801213385],[2.080160281643657,41.43102118453941],[2.080151632682772,41.43100094686182],[2.080137628483235,41.43098067215872],[2.080129326976832,41.430936240273006],[2.080131413408396,41.43091474633757],[2.080147775538417,41.43089471426792],[2.080187582673367,41.43085873281768],[2.080225712813614,41.43081467536844],[2.080260106265708,41.430782685968225],[2.08029441925133,41.430756073278104],[2.080341103496328,41.43073897094548],[2.080411118865077,41.43071398545794],[2.080570822710712,41.43066283289889],[2.080671052489834,41.43064884328309],[2.080753326783802,41.43064143421909],[2.080858741067451,41.4306395872117],[2.080917475880454,41.43065484619129],[2.080990235240844,41.43067460407618],[2.081024526605841,41.43070374194395],[2.08105559107555,41.43074064107504],[2.081072870605904,41.43078245703183],[2.081083184661196,41.43081076821323],[2.081084557048711,41.430840354668064],[2.081077070234401,41.43086449419746],[2.081050877506877,41.43090737205487],[2.081041242880006,41.43094303201793],[2.081042623256081,41.430974659259796],[2.081051115147754,41.4310200841381],[2.081100211496241,41.43116479321346],[2.081128189607755,41.43125298207664],[2.081144025482743,41.43129571808111],[2.081163668165254,41.43132748646751],[2.081197895680817,41.43136075018323],[2.081232168148896,41.431391261000506],[2.081271897500426,41.43142318967341],[2.081302903611396,41.431444366629385],[2.08134782058357,41.43147877747101],[2.081385782238707,41.43150656673998],[2.081416477357965,41.431531555145526],[2.081438002754718,41.43155921209536],[2.081468425376429,41.43160343875766],[2.081500499712801,41.431660049752914],[2.081530833298901,41.43171114727506],[2.081563004537426,41.431760886284884],[2.081589933456693,41.431794085889955],[2.081609729796339,41.431814862037555],[2.081635084427083,41.43183018409907],[2.081678677488224,41.43184702365418],[2.081716891085064,41.43185694869601],[2.081795066756432,41.43188231572172],[2.081926197559101,41.431908100398736],[2.082044488889069,41.43193790780686],[2.082219179047564,41.43198328452666],[2.082312218632322,41.43199089780377],[2.082378000007328,41.43198867582311],[2.08245114010204,41.43198238604391],[2.082529875540005,41.4319678937527],[2.082601326587743,41.43195196673601],[2.0826509212932,41.43193174832883],[2.082691483062946,41.4319045805734],[2.082706462466151,41.431878583285176],[2.08271601898887,41.43184842098691],[2.08271323253377,41.43178654988545],[2.082715797741299,41.4317343404941],[2.082710703604362,41.43170680894249],[2.082692905289922,41.43167368235241],[2.082691602931625,41.43163656078974],[2.082694471430855,41.43156235781584],[2.082697128705536,41.431503277568765],[2.08269973255815,41.43144832100116],[2.082694986438701,41.431396053350745],[2.082701279278437,41.431338375234844],[2.082718677616442,41.43126979221678],[2.082732275609021,41.431212171150705],[2.082733048895833,41.43115720114705],[2.082719365044092,41.431091116799315],[2.0827107946856,41.431051186381694],[2.08269694297117,41.430997473010585],[2.082679589598639,41.430932732582384],[2.082662081536793,41.430878990071825],[2.08266437149082,41.430846018928634],[2.082679350605121,41.430820025095194],[2.0827051436346,41.430803738801735],[2.08275831654767,41.43078904266516],[2.082807660616142,41.43078668485922],[2.082871610285593,41.43078444684675],[2.082915400861493,41.43078754317666],[2.083099387443236,41.43082062029516],[2.083206992459933,41.43083110094584],[2.083338552901332,41.43082665013388],[2.083375019034962,41.43083106574523],[2.083431353048866,41.430850753563185],[2.083482199205787,41.43087177659367],[2.083569407404735,41.430904082452784],[2.083613038957278,41.43091817525249],[2.083695056152769,41.43092982608225],[2.083784617949223,41.430925040473014],[2.083852333911711,41.43091458137111],[2.083942262493893,41.43088368536705],[2.084021382406278,41.430841705292735],[2.084073014154554,41.43080637805972],[2.084123168904597,41.430746301331965],[2.084124274154194,41.43072934560103],[2.084121806255702,41.430713305710526],[2.084111236971307,41.43068573065672],[2.084080748877032,41.430645630575924],[2.084057514178115,41.43060970884405],[2.0840233357923,41.4305723257169],[2.083987300604681,41.4305376764412],[2.083934900452191,41.43049740081744],[2.083886195383367,41.43045440363217],[2.083848521419437,41.43040599578699],[2.083816136609753,41.43037137896554],[2.083771043351891,41.43033115795732],[2.083724336636243,41.43027580889859],[2.08369750999092,41.43023573324421],[2.083681516616646,41.43020399432956],[2.083674694332592,41.43016958092692],[2.083677098073358,41.430128364756335],[2.083718380862423,41.43009185654234],[2.083771803367674,41.43005552332979],[2.083829467853773,41.43000697258948],[2.083858175588766,41.429991884086604],[2.08389105466804,41.42996917202042],[2.083907630985906,41.429947861337446],[2.083936269559704,41.42993736562257],[2.083999418668145,41.42993327473537],[2.084060633517089,41.42992150706283],[2.084101590871981,41.42990345371828],[2.084296277007035,41.42980698311025],[2.084482323721307,41.429718465604246],[2.084888364510305,41.42952527718289],[2.085324596063176,41.42932810382902],[2.085382085357584,41.42929180563008],[2.085414076260811,41.429256301336686],[2.085447233637041,41.42921368071145],[2.085491670134975,41.42916861167857],[2.085533989720026,41.42912247155989],[2.085562712032201,41.4291058504707],[2.085622172282381,41.429074162316866],[2.085699967671276,41.429041082863286],[2.085822611254508,41.429002235014195],[2.08589205508621,41.42898440722707],[2.085948420048958,41.42895934881442],[2.085982229980261,41.428939175764775],[2.086020241402156,41.42891703383926],[2.086044852240844,41.428903443379895],[2.086081691045396,41.42888841886767],[2.086128536592349,41.42888572850108],[2.086183518793983,41.42888310270138],[2.086264825610173,41.42888987253275],[2.086293356010469,41.42888703673235],[2.086352449436822,41.42888138124141],[2.086588052047813,41.42883830445413],[2.086680824772323,41.4288288468885],[2.086763299545868,41.428821315545775],[2.086833501875694,41.42882546465689],[2.086963836869073,41.428818841641124],[2.087110555428876,41.42880468818154],[2.087261519886875,41.42877831347357],[2.087316694820932,41.428761907428],[2.087383145762088,41.428735863638174],[2.087451763881725,41.428707839378184],[2.087523498291076,41.42867164840313],[2.087609644632522,41.428623321488836],[2.087681565580217,41.428573346048424],[2.087754596054005,41.42851366147235],[2.087855759907155,41.42841031460125],[2.087914777458129,41.42834085646141],[2.087945727212297,41.42831047233952],[2.087973539294708,41.4282825944301],[2.088009575218871,41.42825583822056],[2.088035181795493,41.42824019409087],[2.088078128272636,41.428225221929004],[2.088142564107891,41.42820481972445],[2.088190491173379,41.4281939468616],[2.088232355574882,41.42818715168098],[2.088268743830763,41.42820428794727],[2.088339344063157,41.42824926335792],[2.088440034630274,41.42832510630191],[2.088537755860788,41.428391212378486],[2.088627387489918,41.42847882109997],[2.088802027026993,41.428702686277724],[2.088999630648625,41.42900686420353],[2.089206652915681,41.42924402372782],[2.089950221053197,41.42899870422475],[2.090025007089482,41.42893037883325],[2.090200925497841,41.42878880005862],[2.090426951199158,41.428643256090616],[2.090835532204272,41.42881219375321],[2.090994054652415,41.42895092580319],[2.09101730432352,41.42906887187379],[2.091111032824167,41.42916381921929],[2.091199333213951,41.42920734269085],[2.091298823023328,41.42921348232864],[2.091417353369914,41.429218400139575],[2.091451403618541,41.42922594779625],[2.091578673033609,41.429322183623924],[2.09167190804451,41.42940931190994],[2.091729483290057,41.42944567484123],[2.091764570619845,41.42945844042735],[2.09179579255615,41.429450881252606],[2.09186049846717,41.42942172623908],[2.091918791176327,41.42940657623843],[2.091943704128597,41.42940520934043],[2.091991322450451,41.42941183161458],[2.09205542573051,41.429426389363655],[2.092152472645074,41.42945837892976],[2.092177146560474,41.42947418331287],[2.09225096814317,41.42953565048715],[2.092310265607579,41.42959700425424],[2.092334722296133,41.42962842131633],[2.09237103190157,41.42970208258267],[2.092400951860907,41.429788181083836],[2.092422940478573,41.429847681867045],[2.092430392322436,41.42990862683905],[2.092440219305556,41.42994773402861],[2.092468844467357,41.42997762051928],[2.092507642730891,41.430021639369315],[2.092536289694279,41.43004996376517],[2.09258314981942,41.430111219350955],[2.092619742333535,41.43016458850894],[2.092658281672871,41.43022734073064],[2.092721146423095,41.43033087200168],[2.092798056426098,41.430468863803554],[2.092854699466896,41.43057234712317],[2.092868890513449,41.43059587769546],[2.092887037333786,41.43063348699698],[2.092907037973423,41.43068672532508],[2.09292939808601,41.43071968452758],[2.092960121057023,41.430748029784304],[2.093023856828125,41.430789119278174],[2.093112304550254,41.430842896788775],[2.093190475116869,41.4308903465896],[2.093264558136089,41.43093308546607],[2.093330472267088,41.4309663864647],[2.093385913706926,41.43100741504664],[2.093457791234553,41.43105949954928],[2.093492641072213,41.43108943479714],[2.09362239291439,41.431305901534195],[2.093652899511239,41.43134985471074],[2.093681091886142,41.431410961719514],[2.093715442973353,41.43147680164491],[2.093743635443954,41.43153790979082],[2.093767913860754,41.43158181390734],[2.09382300901125,41.43164781708959],[2.093880197001125,41.43171227446821],[2.093924983964838,41.431773512025224],[2.093979531043804,41.431878540527464],[2.09403410154798,41.431982005784825],[2.094082813771168,41.43206386587882],[2.094159891815819,41.432151295382795],[2.094881902901832,41.43281631818104],[2.095034754952687,41.43308763437984],[2.095194436965093,41.43322400960807],[2.095618926768428,41.433337123307304],[2.096283998878235,41.43326983229243],[2.096496383581119,41.43297164551148],[2.096618118544658,41.43281629220577],[2.096703279123032,41.43270833503477],[2.096866804151347,41.43257367659784],[2.097191175379873,41.43243454726976],[2.09756875271713,41.43225870099427],[2.097727425445184,41.432213948832384],[2.097899052231402,41.432158145458025],[2.098042990062838,41.43211588226358],[2.098171607959852,41.43208117027163],[2.098337567421029,41.432022281163064],[2.098453023406192,41.43197979322583],[2.098538015526789,41.431941698497],[2.098628564605534,41.431873574322346],[2.098737678549421,41.43182555230685],[2.098807262662512,41.43176727920372],[2.098837016754374,41.43171992669093],[2.098860153968851,41.43164062066077],[2.098860153968851,41.43164062066077],[2.098875629151022,41.43155145145283],[2.098859259719503,41.43136201788481],[2.098790644600947,41.43117574718184],[2.098749666909011,41.43105041760837],[2.098761920685679,41.43085049370136],[2.098809223485497,41.430720341780145],[2.098889027696226,41.43060097875651],[2.09891175460717,41.430539986783096],[2.098931352004944,41.43047897146311],[2.098951243497028,41.43039678102104],[2.098974685410877,41.430284034006924],[2.098991827116653,41.43025083517199],[2.099017334933836,41.430229822791766],[2.099084437279321,41.43020467168088],[2.099293953029911,41.43017840154515],[2.099426094998561,41.43016938848011],[2.099783991885029,41.43013981383883],[2.099871686203093,41.43012710106775],[2.099937088130691,41.43011756442685],[2.099992086055456,41.43010906362533],[2.100125978572815,41.43008108469844],[2.100344745876983,41.43002920871913],[2.100498134190641,41.42998575344199],[2.100696214608197,41.42992813026007],[2.100868895313031,41.429883707976444],[2.101007310702268,41.429850181902886],[2.101097746679153,41.4298130124316],[2.101148653476609,41.42976053205809],[2.101215206900054,41.429664743262165],[2.101301996267146,41.42955778233263],[2.101413973684014,41.429443464945905],[2.101571523453407,41.429299287677324],[2.101736812326423,41.429140059979744],[2.101838571653012,41.429038881039894],[2.101861672988822,41.429001292852796],[2.101905363496348,41.42892609686646],[2.101982163647743,41.428815278102206],[2.102074479432459,41.428670591263646],[2.102102444030407,41.42864437332445],[2.102165605070783,41.42861276310721],[2.102344510596481,41.428557505568556],[2.102535728469995,41.428519341707904],[2.102711866155105,41.42848294622647],[2.102795126323754,41.42844960031543],[2.102934154268895,41.428375148021615],[2.10312915123476,41.42824447780738],[2.103270705646529,41.428168157400776],[2.10335637328374,41.42814238743556],[2.10343184611232,41.428127865771565],[2.103532381281934,41.42811543005695],[2.103645301035439,41.42811442189551],[2.103734127304124,41.42814883730225],[2.104118074823442,41.428391248957126],[2.104360826524837,41.42843593184968],[2.104680238986788,41.428544181234365],[2.10512085309671,41.42872410321794],[2.105291171864701,41.428788631824965],[2.105754069099126,41.42880336696228],[2.105899905653967,41.42856941529226],[2.106341004591899,41.428503309795026],[2.106624098245395,41.42863610184949],[2.107185691825481,41.4286226928822],[2.107720336930879,41.42863546500815],[2.108378991486797,41.42872277921161],[2.108771806531864,41.42875535593426],[2.109250683590507,41.42872476318983],[2.109393680089109,41.42857874695223],[2.109458723685325,41.42850930622573],[2.109591610536339,41.42839939003602],[2.110162166852819,41.42847713490378],[2.110373656479164,41.42849151522998],[2.110537315039641,41.42849490579399],[2.110801834712359,41.428482607203755],[2.111121807025865,41.42847817570424],[2.111407051735658,41.42846550687672],[2.111603435051656,41.428482423247566],[2.111798561354211,41.428525882785316],[2.112059072149192,41.42860064788504],[2.112323670450286,41.42865367535934],[2.112495766731696,41.42865924847535],[2.112724508970413,41.42865039288961],[2.11283857496346,41.428635869975196],[2.112959625730986,41.42858847173509],[2.113045043026411,41.42853390108212],[2.113156609459962,41.428460440051445],[2.113357771872892,41.42837395458043],[2.113604203081665,41.428287813838104],[2.113865166496233,41.428229657055375],[2.114047923145453,41.428181721800755],[2.114453390212045,41.428076491732085],[2.1147189435435,41.42797057033998],[2.114900319063215,41.42791673151605],[2.115089584321849,41.42783374494014],[2.11515224968954,41.42779174257231],[2.115220614027098,41.42774553302961],[2.115300587160297,41.42767604690662],[2.115364774505804,41.42759316006718],[2.115396340035075,41.42748346933539],[2.115412806452918,41.42738110213171],[2.115414131748838,41.427283394925176],[2.115404605059892,41.42715373555806],[2.115404790398252,41.42705356149288],[2.115415680000284,41.4269843688172],[2.11545149387613,41.42691162515155],[2.115519309006195,41.426863469628906],[2.115626444853702,41.42685118702986],[2.115739031967629,41.426844035335655],[2.115987660788504,41.426812769604034],[2.116267963752494,41.42672940008419],[2.11650056404519,41.4266211539901],[2.116775421443412,41.426501801576826],[2.117089119551267,41.426396609482886],[2.117811984773794,41.4262143899706],[2.118604981392051,41.42588667088232],[2.119352071038901,41.42571156327276],[2.119506060113063,41.42571405541981],[2.119684331549168,41.425719535862406],[2.119893501676651,41.425723899821094],[2.120502482588322,41.42575065333452],[2.120846937461813,41.425794727074425],[2.121026487847584,41.42581820243361],[2.121129179266776,41.42582451250043],[2.121261820181564,41.42582295848842],[2.121646928004342,41.426165739500625],[2.121917707311161,41.42649328380673],[2.122102655233524,41.42661075975644],[2.122232983492253,41.42696155379646],[2.122387506933693,41.42732879912795],[2.122636816449083,41.42776277779279],[2.122973916379702,41.42819142472043],[2.123406365570158,41.42847158030935],[2.123431265810895,41.428459118540815],[2.123568474310755,41.42868882718759],[2.123601097917223,41.42875529309221],[2.123637888240243,41.428823367944155],[2.123683077107863,41.42888992601148],[2.123747014658145,41.42896451180526],[2.123783953548398,41.42902154936609],[2.123818692641144,41.429086455219704],[2.123844771825698,41.42911316238794],[2.12386987482082,41.42917513095691],[2.123939840509062,41.4292686836278],[2.124131450468433,41.42940688403906],[2.12411070755266,41.42942528531669],[2.124050626013695,41.42947482371052],[2.123510132176679,41.429156604593736],[2.123051761998053,41.42891830542477],[2.122504390115403,41.42862464463954],[2.121957283008126,41.42831168392319],[2.121613294822241,41.42811186944679],[2.12149655416518,41.428042035708934],[2.121393146818916,41.427952604318705],[2.121051174406834,41.427615133198316],[2.120892870857129,41.427476038524084],[2.120533545341125,41.427306656442376],[2.120344800314976,41.427243657581435],[2.120132831343688,41.42720510728938],[2.119910696633706,41.427193555285726],[2.119806030091523,41.42719768220702],[2.119462117911983,41.427246764160536],[2.117954142709092,41.42756907295388],[2.117472179358395,41.42767372102173],[2.117281758252736,41.427733809063874],[2.117107249847157,41.427826040291286],[2.117008027994102,41.427911453579526],[2.116861999440613,41.42807284584438],[2.116775478986697,41.428216283238235],[2.116666454103939,41.42854292146252],[2.116574630040435,41.42880567564566],[2.116502000487657,41.42891749518334],[2.116379495005035,41.42903228265032],[2.116241097385636,41.429112476504706],[2.116126059508574,41.4291583690382],[2.115873769758032,41.42920075748915],[2.115251661316721,41.42927230740746],[2.114737500755969,41.429339756987666],[2.114584954512531,41.429376721415196],[2.114456601014024,41.42943975011155],[2.114321311937756,41.42953227872749],[2.114241451677707,41.42963507878207],[2.114200919470801,41.42973079527496],[2.114187740790279,41.42997937133638],[2.114165250446141,41.430190954235854],[2.114121483835478,41.43030006689137],[2.113992270200709,41.43042711332765],[2.113781788659125,41.430519053582366],[2.113660446690897,41.43054766386802],[2.113510011901961,41.43055143267623],[2.113359978895044,41.43052565096895],[2.113028536799785,41.430377825923465],[2.112627315076985,41.43017147219488],[2.112328290476065,41.430043594265285],[2.112191540138486,41.43000315025233],[2.112083836422502,41.42999000646972],[2.111484649177841,41.42996834162151],[2.111020515506165,41.42996229962266],[2.110817718782798,41.42997057863999],[2.110666949529957,41.42999895848511],[2.110548492869511,41.43005467315163],[2.110429644856182,41.430139938083414],[2.110344598283258,41.430224103975526],[2.110251091738001,41.43036865335159],[2.110170429787758,41.43053053315747],[2.110020741910478,41.43071896469291],[2.109947520313768,41.430814426946164],[2.10971977212145,41.43103268169012],[2.109550702638238,41.43120373148164],[2.109424632726776,41.431338174150056],[2.109350568836463,41.43149518632564],[2.109217056543784,41.43170474725606],[2.109145653425635,41.431906096467024],[2.109088978541246,41.43198691399011],[2.108930088332202,41.432130956242],[2.108787633995552,41.43226773940574],[2.108671798033843,41.43241762712546],[2.108378243157177,41.43284624270182],[2.10798094476164,41.43346942496417],[2.107943028081384,41.43361194404273],[2.107887057253612,41.43387989584036],[2.107830352320662,41.43443675532918],[2.10780827757744,41.4346163275794],[2.10775234365911,41.434718795000116],[2.107655441443818,41.43483594222328],[2.107282061672385,41.43502734682163],[2.106867343001357,41.43522360877051],[2.106541011614743,41.43541316010375],[2.106352506474541,41.435566849990174],[2.106173206672624,41.43576493659797],[2.105904412946565,41.436050979033524],[2.105538640291624,41.436399805783566],[2.105338807300419,41.43666422435523],[2.105296724611891,41.43687076191496],[2.105427168327412,41.43737415590581],[2.105423924508973,41.43761054865022],[2.105323397710201,41.437787087662834],[2.105154296429439,41.437955698476536],[2.104956384184227,41.43807975048866],[2.104660275206373,41.43821043359181],[2.104393786786097,41.43832657418824],[2.10418032821299,41.438420635282505],[2.103997741182448,41.438589463694775],[2.103797793577659,41.43886126465712],[2.103619594281723,41.43897808170923],[2.103422895166944,41.43901348942132],[2.103128494775083,41.43901858232435],[2.102431502688888,41.43905008965839],[2.101783008971795,41.439079241927644],[2.101340133958084,41.43919447644472],[2.100812109629799,41.439388156398856],[2.100473419636739,41.43956749644292],[2.100239669289219,41.43975555522043],[2.10003613277948,41.44003880595847],[2.099788265106382,41.44048786957119],[2.099486532769607,41.441036187385],[2.099260319300462,41.44143794104305],[2.09916315088498,41.4416270751391],[2.098961341625806,41.441783738105194],[2.098568241056053,41.44209715432323],[2.098292670637543,41.44226906452887],[2.098132772064022,41.44243397180433],[2.097886944836612,41.44273744217463],[2.097725948917924,41.44298146141575],[2.097639161428555,41.443178584033035],[2.097678776570735,41.44335297187508],[2.097936289051485,41.4437268611725],[2.098131814489798,41.44402667369022],[2.09812940610047,41.44420072311855],[2.098063417800827,41.44441384399336],[2.097913256310371,41.44463420476068],[2.097701265709199,41.444767051088625],[2.097446688592464,41.444939123701744],[2.097350374095512,41.44506496773089],[2.097199015085859,41.44537235677336],[2.097030321660771,41.445566458515295],[2.096818984112589,41.445651830237274],[2.096492283618278,41.44572047917969],[2.096228737903108,41.445781705511834],[2.096112180601594,41.44585200297826],[2.095963435769091,41.44596951661528],[2.095821358345749,41.44636401527894],[2.0956931920874,41.446513342223795],[2.095263421729135,41.446665829581484],[2.094756338404118,41.446859645886825],[2.094438490584914,41.44704704020395],[2.094373722506888,41.4471092891921],[2.093815576173093,41.446436668567756],[2.092872492299534,41.44613007854324],[2.090872548757947,41.44550573389025],[2.090890953837308,41.44537147065778],[2.091029588316361,41.445148560097],[2.091262167280469,41.44506327662679],[2.091679325953848,41.44501678495423],[2.091845386381776,41.44489498180739],[2.092425569532569,41.4440607510598],[2.092040898669195,41.443902438932454],[2.091212679749737,41.443667250446765],[2.090986706889405,41.443516123392016],[2.090887094456929,41.44331123778497],[2.090660674922323,41.44267601439465],[2.09037268047064,41.441868023487544],[2.0901862835602,41.441712802117316],[2.090183146498533,41.44167964694253],[2.090179126865131,41.44166148228786],[2.090174739982115,41.441647075222924],[2.090169120334088,41.44163307020754],[2.090162929478212,41.44162031088044],[2.09015181584763,41.44160313693498],[2.09014067314041,41.44158804643044],[2.090129006745872,41.44157499827305],[2.090121225185352,41.441562888657245],[2.090113769479948,41.441551473716935],[2.090105892640069,41.44154047218198],[2.090098957253971,41.44153145757604],[2.090091332577782,41.44152222915423],[2.090082473576872,41.441512157506914],[2.090073610216012,41.44150239837517],[2.090063237105789,41.44149168965694],[2.09005162385607,41.4414805544008],[2.090040411387448,41.44147046414745],[2.090032750369387,41.44146384002429],[2.090022893219807,41.441455844154284],[2.09000905912744,41.44144510807323],[2.089987805223177,41.44143032548628],[2.089808446198656,41.441315115468555],[2.089606547803969,41.44118399307483],[2.089601985434782,41.44118103985369],[2.089594916917858,41.44117660824247],[2.089590969888014,41.44117420685099],[2.089583279486922,41.441169692183195],[2.089577442012475,41.44116633818838],[2.08957355983853,41.441164249860094],[2.089568612762867,41.44116158009999],[2.089564042394354,41.44115919982377],[2.089560021054465,41.44115716248621],[2.089555311883535,41.44115480715784],[2.089548675839732,41.44115162916721],[2.089544618072162,41.441149721770486],[2.089541350510372,41.441148237357524],[2.089536913126563,41.44114624882048],[2.089530478923119,41.4411434891596],[2.089527416110677,41.44114221473283],[2.089521599791837,41.44113982460076],[2.089514611832717,41.4411370605593],[2.089510196983053,41.441135384974395],[2.089504419349413,41.441133255382326],[2.089500251934394,41.44113176385117],[2.089492845749142,41.44112920486771],[2.08948822913476,41.441127657691545],[2.089484507282486,41.441126482234715],[2.089481337004466,41.44112546741576],[2.089469168492149,41.44112188101966],[2.089454549233818,41.44111780641168],[2.089433299448644,41.44111263752019],[2.089370201566191,41.44110268636398],[2.089339924136004,41.441096896467855],[2.089289695298027,41.441084830555035],[2.089231138138384,41.441064364043065],[2.089213245860427,41.44105672126752],[2.089185789126488,41.44104379938409],[2.089165119713086,41.44103289918952],[2.089145480149438,41.4410214919692],[2.089128744899329,41.441010316092836],[2.089112831554143,41.44099977181896],[2.089089273362374,41.44098145746513],[2.089071488853269,41.44096610593389],[2.089058367598023,41.44095391680842],[2.08904327604922,41.44093785736614],[2.089025395338268,41.44091573306338],[2.089008940514466,41.44088917270045],[2.088997010393078,41.44086633378176],[2.088985973516084,41.44083683667282],[2.088970016467104,41.4407936176462],[2.088957876303276,41.440773717414594],[2.088942589350143,41.44075379153121],[2.088897487200732,41.440697476751076],[2.088852385128764,41.4406411619537],[2.088839700640586,41.44061067243842],[2.088831283276828,41.440578933999426],[2.088835705888545,41.44053390073636],[2.088837589646934,41.44052397497004],[2.0888502264959,41.44049156970365],[2.088867176852722,41.440467533264325],[2.088896361239854,41.4404360268854],[2.088954773395036,41.440381545765476],[2.088987875671271,41.44034556929521],[2.088847558708632,41.44027307107108],[2.087891079227119,41.4388905322599],[2.086827310078263,41.43816918871998],[2.083282673469477,41.43811874156899],[2.083216066515409,41.43846733872155],[2.0813569586677,41.43868763888395],[2.080682949535482,41.43869963791003],[2.078591134267381,41.438244212586504],[2.078288874426715,41.43779956471214],[2.076468646341269,41.43703712015768],[2.07518016191419,41.436483950556955],[2.072938684897493,41.43602809893308]]]},"properties":{"codiseccio":"6-1","districte":6,"nomdistricte":"Les Planes","seccio":1,"sup":326.015,"id":11}},{"id":12,"type":"Feature","geometry":{"type":"Polygon","coordinates":[[[2.055231990293747,41.445420233895426],[2.055256622568539,41.44541251362467],[2.05536745241104,41.44538106858231],[2.055434632768109,41.445364267276126],[2.055501813091153,41.44534746593037],[2.055570140856677,41.44532868729185],[2.055969526490592,41.44521462867205],[2.056170976259675,41.44515709692142],[2.056250969717919,41.44506412991029],[2.056376829892699,41.44503056504011],[2.05657486486961,41.44499687939317],[2.056665728409805,41.444993194351824],[2.056776500644836,41.444986549640696],[2.057000111725749,41.44494842447037],[2.05762476229376,41.444938072898054],[2.05803535563806,41.44495978058309],[2.058204089313796,41.44496051530616],[2.058220112813003,41.44499229244548],[2.058380954148977,41.44495211369707],[2.058435724436388,41.44508076322906],[2.059018820437716,41.44502825140018],[2.05909944001186,41.44501532915805],[2.059553597641315,41.444912599635494],[2.059671258995377,41.44488598183264],[2.059890344026651,41.444838291042345],[2.060013240479272,41.44481161148955],[2.060337997536263,41.444868318344504],[2.060505043197252,41.44490515111286],[2.060768145164446,41.44498676392252],[2.060899562251127,41.44501542402022],[2.060999142877604,41.445029450298506],[2.061089232052531,41.44503358668128],[2.061200565693637,41.44502854848002],[2.061288847635495,41.445019533669836],[2.061402914992954,41.44500451168027],[2.0615712502069,41.444978950509864],[2.061588228514721,41.44497637239204],[2.061638855554582,41.44491126301886],[2.061917572570898,41.44464607559387],[2.061980349520491,41.4445981858769],[2.062053266194508,41.44455122488829],[2.062181653356129,41.44448321845843],[2.06227617084769,41.44443700357249],[2.062423801418775,41.444377820447926],[2.062631488220821,41.44428943165819],[2.062771699445329,41.44422272665314],[2.062967519967847,41.44408790188008],[2.06300652848208,41.44406178989692],[2.063045536965097,41.44403567790007],[2.063199150288002,41.44396747726147],[2.063347139383851,41.44390262687807],[2.063495128187309,41.443837776300484],[2.063639261170183,41.44377275342962],[2.063756621428503,41.44361467903129],[2.063836038763666,41.44350936087128],[2.063875577284857,41.44345281371648],[2.063921431562531,41.443339997341695],[2.063962473221152,41.4432141463308],[2.063997904258366,41.442945491309516],[2.063986523355301,41.44283240731679],[2.064049987501758,41.44254981929612],[2.064185766092137,41.44213246520336],[2.064049596486879,41.44199002482663],[2.063970259847637,41.441912482689304],[2.063817733388774,41.44178362596223],[2.063602313314784,41.44159569574821],[2.063500094384736,41.441479465576904],[2.06345499323059,41.4414089117142],[2.06344614005803,41.441209574311145],[2.063442853588507,41.440998956048006],[2.063383949670006,41.44080388704839],[2.063306904439106,41.44061659280083],[2.063267436047278,41.44052116046254],[2.063230567665944,41.44043201454251],[2.063221965909584,41.44041121588547],[2.063156592725115,41.4402531460417],[2.06304779155083,41.4400152226019],[2.062889735922179,41.43977400853131],[2.062736810844939,41.43961074366347],[2.062591987517679,41.43946000763114],[2.062501411664849,41.439280113424644],[2.062356737792867,41.438975147833176],[2.062257493734206,41.438678341544545],[2.062206832849203,41.43845826724916],[2.062098458543236,41.438220586005954],[2.062017249540597,41.43810931459019],[2.061773228060556,41.437946864000224],[2.061712450871294,41.43785445349322],[2.061647593974919,41.437614010727565],[2.061591024510818,41.43751696079854],[2.061528440783613,41.43747921212634],[2.061315206788265,41.43750342148559],[2.060998671806711,41.43753549883345],[2.060586766876494,41.43753058035314],[2.060209984432286,41.43753062078545],[2.0601065300335,41.43752666039672],[2.060025733191148,41.437530674343115],[2.059845939634037,41.43765227894967],[2.059679862922228,41.43739698743178],[2.059427066453167,41.43669543233362],[2.059533483211169,41.43635045149568],[2.059544819104218,41.436138671857925],[2.059485104358522,41.43582543954085],[2.059384979440749,41.435529241942135],[2.059358345453842,41.43538825631465],[2.059317334424458,41.435066429863014],[2.059361525554024,41.434786399443084],[2.059498641777539,41.43447840708804],[2.059833250697513,41.43411571411096],[2.060020396004201,41.43395524372158],[2.060927467161754,41.433677089828876],[2.061343729897783,41.433570328415954],[2.062120167720569,41.43335834794914],[2.062907813559005,41.43358316547619],[2.063098996168942,41.432948347457234],[2.063316904623957,41.43290446618222],[2.063306190087616,41.43260638640841],[2.063310687701216,41.432322004075715],[2.06346345757725,41.43206994964094],[2.06366221094574,41.43112762877608],[2.064109550980631,41.43046025385604],[2.064581856507044,41.429914864972346],[2.065536553763921,41.42990381490629],[2.065968810743878,41.430080338023274],[2.066412478839358,41.42980936740844],[2.066652977498879,41.429766186393344],[2.067395919642229,41.42953524832561],[2.067733451083219,41.42954295023559],[2.067695851767194,41.42947776920877],[2.067723879498249,41.42938201303262],[2.067757608430786,41.42931951376339],[2.067886870179216,41.42913289116791],[2.067909253118857,41.428899040662714],[2.06785316603481,41.42882694678281],[2.067732812149318,41.42881164103549],[2.067664382388183,41.42871556719166],[2.067538499085063,41.42864290788213],[2.067482691938189,41.428551710537356],[2.067470938167313,41.42830871162026],[2.067493542037087,41.428236573559204],[2.067406898024217,41.42808303882111],[2.067143408514479,41.42787075564516],[2.066966951873876,41.42759231532654],[2.066914240629174,41.42747725594347],[2.066922358441331,41.4273531454425],[2.06701519995626,41.42699261371589],[2.0670508039962,41.42676045229299],[2.067279744553749,41.426826246595105],[2.067083105624626,41.426249191061515],[2.067655550001302,41.42599161275518],[2.069336385725895,41.42526505834783],[2.06967405971932,41.42517607836476],[2.069397633784025,41.42335408957263],[2.069543440022551,41.423051740770674],[2.069873858117858,41.42270294944532],[2.069795306452888,41.421766103698786],[2.069960461214906,41.421343083494676],[2.070170839547056,41.42097734723934],[2.070265813810491,41.42026987277085],[2.070212488406836,41.420040463404696],[2.070283410574109,41.4195205863606],[2.070446438581878,41.41950983713326],[2.070464222565174,41.419254376836584],[2.070490887769774,41.41871068643591],[2.070542912193867,41.41866272956985],[2.070675060845374,41.418558355176906],[2.07070701451666,41.41852181988955],[2.070777758455737,41.41841460587034],[2.070819816891865,41.41834134802009],[2.070836730673566,41.418323847330285],[2.070851788137062,41.4183149350593],[2.070914719638821,41.41828243309044],[2.070983357634342,41.418263202128145],[2.071124479671979,41.41823774523389],[2.07117440852173,41.41824021825536],[2.071378696885812,41.41826754593918],[2.071593654647928,41.41828657694938],[2.071687898313202,41.41827770326977],[2.071856303884096,41.41826941888957],[2.071991479009375,41.41826984948791],[2.072176133321058,41.418269729187095],[2.072327524648849,41.41827037979791],[2.072456404265748,41.41817243652373],[2.072666460538589,41.41801280133536],[2.072795184164195,41.41786390601311],[2.072811599234365,41.417847115870806],[2.072830364828876,41.41783019689439],[2.072850112702792,41.417813868538474],[2.072870793915553,41.417798176382206],[2.07289233295826,41.41778318543112],[2.072914681293721,41.4177689034824],[2.072937794892441,41.417755391419696],[2.072960875881529,41.417743040125714],[2.072963411508283,41.41774185989134],[2.072989799879567,41.41772988431334],[2.073017979354096,41.41771855551234],[2.073046941910908,41.417708313067116],[2.073076627865636,41.41769919842026],[2.073106891924244,41.41769126407097],[2.073137608006659,41.41768452726772],[2.07316158121295,41.41768033330254],[2.073343237755046,41.417663102665124],[2.073580880054931,41.41763596702964],[2.073740077434098,41.41760949555732],[2.073871845660256,41.417582910411525],[2.073871561396714,41.41752248182937],[2.073879169717594,41.417392728461174],[2.07393120545916,41.417297454333195],[2.073932233071671,41.41726799190051],[2.073931734867275,41.4172677425685],[2.073931238974639,41.41726749063953],[2.073930745403943,41.41726723614069],[2.073930254164808,41.41726697909882],[2.073929765266486,41.41726671954081],[2.073929278717827,41.417266457493156],[2.073928794527238,41.41726619298229],[2.07392831270277,41.41726592603443],[2.073927833252105,41.41726565667564],[2.073927356182504,41.417265384931646],[2.073926881500959,41.41726511082801],[2.073926409214035,41.41726483439031],[2.073925939328045,41.41726455564348],[2.073925471848912,41.41726427461275],[2.073925006782307,41.417263991322535],[2.073924544133563,41.41726370579759],[2.073924083907771,41.41726341806201],[2.073923626109659,41.41726312814003],[2.07392317074381,41.41726283605531],[2.073922717814459,41.41726254183147],[2.073922267325641,41.417262245491884],[2.073921819281134,41.41726194705964],[2.073921373684522,41.41726164655766],[2.073920930539103,41.41726134400846],[2.073920489848061,41.41726103943451],[2.073920051614337,41.41726073285799],[2.073919615840661,41.41726042430071],[2.073919182529643,41.41726011378431],[2.073918751683669,41.41725980133038],[2.073918323304991,41.41725948695997],[2.073917897395717,41.41725917069398],[2.073917473957773,41.41725885255337],[2.073917052993003,41.4172585325583],[2.073916634503069,41.41725821072915],[2.073916218489552,41.41725788708593],[2.073915804953908,41.41725756164839],[2.073915393897452,41.41725723443597],[2.073914985321463,41.41725690546806],[2.073914579227106,41.41725657476376],[2.073914175615433,41.41725624234174],[2.073913774487445,41.41725590822082],[2.073913375844078,41.4172555724192],[2.073912979686189,41.417255234955086],[2.07391258601456,41.41725489584651],[2.073912194829984,41.41725455511112],[2.073911806133131,41.41725421276647],[2.073911419924679,41.41725386882981],[2.07391103620527,41.417253523318145],[2.07391065497549,41.41725317624851],[2.073910276235915,41.41725282763748],[2.073909899987126,41.417252477501535],[2.073909526229657,41.4172521258569],[2.073909154964058,41.4172517727197],[2.073908786190858,41.417251418105714],[2.073908419910599,41.41725106203071],[2.073908056123826,41.417250704510174],[2.073907694831102,41.41725034555932],[2.073907336033,41.417249985193315],[2.073906979730112,41.4172496234271],[2.073906625923052,41.417249260275355],[2.073906274612463,41.4172488957527],[2.073905925799026,41.41724852987355],[2.073905579483471,41.4172481626522],[2.07390523566652,41.417247794102636],[2.073904894348995,41.41724742423875],[2.073904555531726,41.417247053074306],[2.073904219215612,41.41724668062294],[2.073903885401621,41.417246306897965],[2.073903554090726,41.41724593191283],[2.073903225284019,41.417245555680616],[2.073902898982609,41.417245178214245],[2.073902575187715,41.41724479952657],[2.073902253900601,41.41724441963037],[2.073901935122598,41.41724403853819],[2.07390161885512,41.41724365626255],[2.073901305099667,41.41724327281563],[2.073900993857803,41.4172428882097],[2.073900685131222,41.41724250245674],[2.073900378921608,41.417242115568826],[2.073900075230828,41.4172417275577],[2.07389977406082,41.41724133843517],[2.073899475413552,41.41724094821268],[2.07389917929118,41.41724055690189],[2.073898885695898,41.41724016451425],[2.073898594629754,41.41723977106048],[2.073898306094881,41.4172393765516],[2.073898020093752,41.41723898099853],[2.073897736628893,41.41723858441229],[2.073897455703001,41.4172381868035],[2.07389717731883,41.41723778818292],[2.073896901479243,41.4172373885613],[2.073896628187215,41.417236987949074],[2.073896357445865,41.41723658635667],[2.073896089258372,41.41723618379436],[2.073895823628011,41.41723578027264],[2.073895560558278,41.41723537580142],[2.073895300052664,41.41723497039101],[2.073895042114857,41.417234564051356],[2.073894786748629,41.41723415679236],[2.073894533957882,41.41723374862409],[2.073894283746643,41.41723333955613],[2.073894036119055,41.41723292959839],[2.07389379107941,41.41723251876056],[2.073893548632081,41.41723210705214],[2.073893308781622,41.41723169448288],[2.073893071532698,41.417231281062094],[2.07389283689008,41.417230866799365],[2.073892604858705,41.41723045170423],[2.07389237544365,41.417230035785785],[2.07389214865009,41.41722961905363],[2.073891924483353,41.417229201516825],[2.073891702948931,41.41722878318477],[2.073891484052436,41.41722836406661],[2.073891267799602,41.41722794417151],[2.073891054196341,41.41722752350866],[2.073890843248687,41.41722710208716],[2.073890634962815,41.41722667991613],[2.073890429345035,41.41722625700465],[2.07389022640187,41.41722583336167],[2.073890026139895,41.417225408996345],[2.073889828565907,41.417224983917656],[2.073889633686817,41.41722455813458],[2.073889441509723,41.41722413165616],[2.07388925204182,41.417223704491384],[2.073889065290484,41.41722327664923],[2.073888881263256,41.41722284813869],[2.073888699967811,41.41722241896888],[2.073888521412014,41.41722198914855],[2.073888345603862,41.41722155868695],[2.073888172551469,41.417221127593045],[2.073888002263194,41.41722069587583],[2.073887834747487,41.41722026354429],[2.073887670012989,41.41721983060767],[2.073887508068486,41.417219397074874],[2.073887348922943,41.417218962955175],[2.073887192585465,41.41721852825773],[2.073887039065319,41.417218092991554],[2.073886888371979,41.417217657166056],[2.073886740515019,41.417217220790434],[2.073886595504217,41.41721678387385],[2.073886453349501,41.41721634642586],[2.073886314060981,41.41721590845572],[2.073886177648909,41.417215469972874],[2.073886044123706,41.417215030986775],[2.07388591349598,41.417214591507076],[2.073885785776496,41.417214151543305],[2.073885660976149,41.417213711105205],[2.073885539106048,41.41721327020238],[2.073885420177459,41.41721282884476],[2.0738853042018,41.41721238704217],[2.073885191190658,41.417211944804436],[2.073885081155792,41.41721150214181],[2.073884974109123,41.4172110590643],[2.073884870062749,41.41721061558201],[2.073884769028894,41.417210171705314],[2.073884671019999,41.41720972744456],[2.073884576048648,41.41720928281031],[2.073884484127591,41.41720883781295],[2.07388439526973,41.417208392463266],[2.073884309488145,41.41720794677203],[2.073884226796049,41.41720750075012],[2.073884147206879,41.41720705440849],[2.073884070734142,41.417206607758224],[2.073883997391595,41.41720616081068],[2.073883927193089,41.41720571357706],[2.073883860152663,41.41720526606892],[2.073883796284501,41.41720481829789],[2.073883735602951,41.41720437027562],[2.073883678122477,41.41720392201414],[2.073883623857748,41.41720347352524],[2.073883572823569,41.417203024821404],[2.073883525034895,41.41720257591535],[2.073883480506818,41.41720212681955],[2.073883439254571,41.41720167754672],[2.073883401293502,41.41720122810962],[2.07388336663909,41.41720077852133],[2.073883335306966,41.41720032879502],[2.073883307312905,41.41719987894401],[2.073883282672747,41.41719942898182],[2.073883261402535,41.417198978922265],[2.073883243518403,41.417198528779274],[2.073883229036571,41.417198078566834],[2.073883217973417,41.41719762829949],[2.073883210345381,41.41719717799163],[2.073883206169054,41.417196727658045],[2.073883205461106,41.41719627731364],[2.073883208238253,41.417195826973696],[2.073883214517387,41.417195376653645],[2.07388322431541,41.41719492636906],[2.073883237649352,41.4171944761358],[2.07388325453627,41.417194025970055],[2.073883274993301,41.417193575888085],[2.073883299037629,41.41719312590651],[2.073883326686533,41.41719267604214],[2.073883357957274,41.417192226312125],[2.073883392867213,41.41719177673373],[2.073883431433672,41.41719132732467],[2.073883473674037,41.417190878102694],[2.07388351960569,41.417190429086006],[2.073883569246029,41.41718998029302],[2.073883622612439,41.4171895317423],[2.073883679722277,41.41718908345298],[2.073883740592895,41.417188635444134],[2.073883805241595,41.4171881877353],[2.073883873685649,41.417187740346236],[2.073883945942266,41.4171872932971],[2.07388402202859,41.41718684660827],[2.073884101961693,41.41718640030029],[2.073884185758541,41.417185954394206],[2.073884273436018,41.41718550891111],[2.07388436501089,41.417185063872836],[2.073884460499759,41.41718461930085],[2.073884559919178,41.41718417521763],[2.073884663285464,41.41718373164538],[2.073884770614806,41.41718328860692],[2.073884881923211,41.41718284612527],[2.073884997226486,41.41718240422379],[2.073885116540226,41.41718196292614],[2.0738852398798,41.41718152225616],[2.073885367260385,41.417181082238166],[2.073885498696826,41.41718064289677],[2.073885634203743,41.417180204256645],[2.073885773795471,41.41717976634302],[2.073885917486057,41.41717932918123],[2.073886065289171,41.41717889279712],[2.073886217218216,41.417178457216615],[2.073886373286209,41.417178022466054],[2.073886533505766,41.417177588572024],[2.073886697889166,41.41717715556135],[2.073886866448266,41.41717672346116],[2.073887039194461,41.417176292298855],[2.073887216138753,41.41717586210207],[2.073887397291666,41.41717543289881],[2.0738875826632,41.41717500471718],[2.073887772262943,41.41717457758561],[2.07388796609988,41.41717415153285],[2.073888164182491,41.41717372658768],[2.073888366518715,41.41717330277934],[2.073888573115902,41.41717288013708],[2.073888783980774,41.417172458690516],[2.073888999119478,41.4171720384693],[2.073889218537527,41.41717161950342],[2.073889442239765,41.417171201823045],[2.073889670230358,41.41717078545843],[2.073889902512802,41.41717037043994],[2.073890139089866,41.41716995679819],[2.073890379963602,41.417169544563954],[2.073890625135333,41.41716913376805],[2.07389087460554,41.417168724441346],[2.073891128374032,41.41716831661504],[2.073891386439747,41.41716791032006],[2.073891648800829,41.41716750558761],[2.073891915454584,41.41716710244907],[2.073892186397213,41.417166700935866],[2.073892461623724,41.41716630108027],[2.073892741129352,41.417165902912714],[2.073893024908474,41.4171655064636],[2.073893312954588,41.41716511176348],[2.073893605260295,41.417164718842734],[2.073893901817304,41.41716432773186],[2.07389420261638,41.417163938460945],[2.073894507647397,41.41716355106044],[2.073894816899266,41.41716316556044],[2.073895130360003,41.41716278199081],[2.073895448016692,41.41716240038139],[2.073895769855428,41.41716202076177],[2.073896095861457,41.41716164316139],[2.073896426018974,41.41716126760949],[2.07389676031137,41.41716089413484],[2.073897098721006,41.41716052276612],[2.073897441229351,41.417160153531555],[2.073897787816973,41.417159786459166],[2.073898138463491,41.41715942157668],[2.073898493147629,41.417159058911224],[2.073898851847214,41.41715869848962],[2.073899214539173,41.4171583403384],[2.073899581199599,41.417157984483424],[2.073899951803658,41.41715763095033],[2.073900326325711,41.417157279764126],[2.073900704739265,41.41715693094928],[2.073901087016981,41.41715658452992],[2.073901473130775,41.417156240529586],[2.073901863051725,41.41715589897117],[2.073902256750161,41.41715555987696],[2.073902654195666,41.41715522326881],[2.073903055357079,41.41715488916797],[2.073903460202552,41.41715455759498],[2.073903868699507,41.417154228569885],[2.073904280814774,41.41715390211184],[2.073904696514463,41.417153578239684],[2.073905115764132,41.4171532569714],[2.073905538528724,41.417152938324314],[2.073905964772575,41.41715262231503],[2.073906394459543,41.41715230895976],[2.073906827552942,41.4171519982736],[2.073907264015574,41.41715169027132],[2.073907703809815,41.417151384966736],[2.073908146897579,41.41715108237314],[2.073908593240351,41.41715078250294],[2.073909042799289,41.41715048536799],[2.073909495535154,41.417150190979356],[2.073909951408373,41.41714989934742],[2.073910410379091,41.417149610481815],[2.073910872407179,41.41714932439161],[2.07391133745222,41.417149041084926],[2.073911805473638,41.41714876056929],[2.073912276430605,41.41714848285158],[2.073912750282153,41.41714820793802],[2.07391322698719,41.41714793583397],[2.07391370650446,41.41714766654423],[2.073914188792636,41.4171474000728],[2.073914673810347,41.41714713642328],[2.073915161516144,41.41714687559825],[2.073915651868594,41.4171466175998],[2.073916144826248,41.4171463624295],[2.073916640347697,41.41714611008806],[2.073917138391591,41.417145860575715],[2.073917638916599,41.41714561389187],[2.07391814188157,41.41714537003573],[2.073918647245435,41.41714512900543],[2.073919154967224,41.41714489079875],[2.073919665006168,41.417144655412926],[2.07392017732168,41.41714442284468],[2.073920691873312,41.41714419308998],[2.073921208620897,41.41714396614435],[2.073921727524454,41.41714374200289],[2.073922248544231,41.41714352066005],[2.073922771640786,41.417143302109814],[2.073923296774927,41.41714308634579],[2.073923823907745,41.41714287336096],[2.073924353000647,41.417142663148006],[2.073924884015345,41.41714245569895],[2.073925416913906,41.417142251005565],[2.073925951658678,41.4171420490591],[2.073926488212431,41.41714184985059],[2.073927026538265,41.41714165337044],[2.073927566599645,41.41714145960885],[2.073928108360437,41.41714126855558],[2.073928651784855,41.41714108019995],[2.073929196837565,41.417140894531165],[2.07392969465211,41.4171407277549],[2.073943046175477,41.417093469259164],[2.07398383075172,41.417019141604065],[2.074029441477808,41.41694853114289],[2.074108369420827,41.41684484420222],[2.074140451524753,41.4167783592593],[2.074154248308056,41.416755917659046],[2.074178780205152,41.416678402761505],[2.07421396104037,41.416615855505334],[2.074275786576701,41.41655546039038],[2.074827302314265,41.41635233730594],[2.074910380302344,41.41630365705844],[2.074958928579419,41.416272563917616],[2.074979761401022,41.41625146274826],[2.075078905759154,41.41607755107579],[2.07509786541927,41.41601772532772],[2.075118001691547,41.415964721019385],[2.075152042500247,41.41593773258827],[2.075188593830419,41.41592280968683],[2.075219305184582,41.41592008342108],[2.075341697554903,41.41595403915343],[2.075476228173363,41.41601674814902],[2.075574536710154,41.41605732423248],[2.075648807865181,41.41607278325313],[2.075765806472628,41.416097092439315],[2.075864508495667,41.41611271940469],[2.076004477699294,41.41611705694192],[2.076152790547678,41.4160769652749],[2.076810024776143,41.415578884064395],[2.076948908105065,41.41552015389105],[2.077077862348892,41.41548892891921],[2.077220742966213,41.415465600332894],[2.077538792724086,41.415413670608004],[2.077822006403977,41.41532057120953],[2.078011632489257,41.415241450773664],[2.07858518556607,41.41497880950571],[2.078777083970642,41.41496583917965],[2.078930621432965,41.41495380864283],[2.07897594435581,41.41505915345354],[2.078972435048425,41.41507632514733],[2.078973234887256,41.41509680570296],[2.078978482599787,41.41511076845004],[2.078994552547102,41.415128096772754],[2.079104468536106,41.41520268435862],[2.079179875934177,41.415255701935834],[2.079208913585143,41.41527968156968],[2.079235725746792,41.415306923551526],[2.07927108230582,41.41534569998629],[2.079295649036236,41.41537783673351],[2.079343734546981,41.41543964258096],[2.079400257476027,41.41552035514211],[2.079423776291451,41.41555002538463],[2.079447312083794,41.41557805971787],[2.079474079817925,41.41560857452625],[2.079496694688825,41.41562513535863],[2.079524815476079,41.41563682747004],[2.079655319490919,41.415661024406326],[2.07974598894501,41.41573151557425],[2.079808854703871,41.416243565259784],[2.079750928899282,41.416298276873334],[2.079638745632545,41.416347308790115],[2.079539958167077,41.416408256249426],[2.079456326791794,41.416460136918445],[2.079402962172938,41.4165319635278],[2.079258228075563,41.4166723669378],[2.079245654833036,41.41679120163372],[2.079277803396887,41.416890752266866],[2.079262721924532,41.41692576446092],[2.079247672897866,41.41695858514749],[2.079235201923467,41.41701558313598],[2.079237067224916,41.41709026102884],[2.07923939128278,41.417132001550485],[2.079212615010534,41.41716911888813],[2.079176991812464,41.41721275459075],[2.079158898205555,41.417254332960674],[2.079140440267377,41.41732226262742],[2.07911629625494,41.41737916377332],[2.079109813452194,41.41742523006377],[2.079085020011835,41.41752823953912],[2.079055043940024,41.41758509747799],[2.079037105149884,41.417615696334394],[2.078992736814749,41.41765926201977],[2.078939732323831,41.41769397539669],[2.078892593808693,41.417726534692164],[2.078722202789915,41.417810818481996],[2.078686828548483,41.417836886160146],[2.078674567889791,41.41787851112588],[2.078676494571521,41.417948797906774],[2.078669227032826,41.41802491538436],[2.078654368671199,41.41808985303031],[2.078639659945838,41.418144302300576],[2.078644523253597,41.41819471145083],[2.078666322590569,41.41823056404875],[2.078712559006882,41.418312779909705],[2.078747881691914,41.418378123725354],[2.078764253115411,41.41840343984113],[2.078766655194679,41.418430742551394],[2.078746607355513,41.41846835980241],[2.078717958934051,41.418522692922075],[2.07866395300465,41.418595716556084],[2.078621334983181,41.41865204084225],[2.078638870395153,41.41874535940738],[2.07871009891123,41.41885766673656],[2.078474153788045,41.418826319290055],[2.078182615972029,41.41870211473751],[2.077992480145161,41.41864353022724],[2.077649933461204,41.418597513790594],[2.077558957233798,41.4189395187112],[2.077399695328213,41.41913392868963],[2.077113576699744,41.41929190519033],[2.076970192475085,41.41939403494724],[2.076841750578174,41.41949684813311],[2.076844972870579,41.41970630559349],[2.076855889233463,41.41978131778044],[2.076895579989406,41.419844011943304],[2.076977521814942,41.41995171370101],[2.076995153006631,41.42001701073617],[2.07700360187299,41.42007525302208],[2.076980678652601,41.42016582739461],[2.076964002548689,41.420251796223326],[2.076941118335245,41.42034003847397],[2.076918590068274,41.42040269032338],[2.076945585962036,41.42046108131616],[2.077022106079919,41.42051521603037],[2.077040098034273,41.42055492154356],[2.076989876269579,41.42060804129228],[2.076973698577056,41.420659105004354],[2.077028054296159,41.4207503000817],[2.077060009979358,41.42082007125139],[2.077020742241064,41.420836545747456],[2.076989689839524,41.4208635802719],[2.076955610869704,41.42090738097394],[2.076918595938635,41.42096165114911],[2.076881705925787,41.421007523051976],[2.07682203032269,41.421086796595],[2.076759715643842,41.421155554765896],[2.076711816461587,41.421190845302704],[2.076655493877034,41.42123026962214],[2.076590782227083,41.42127172500113],[2.076548399834232,41.42131126107751],[2.076427983032926,41.4213480716307],[2.076329906236996,41.42138295946145],[2.076214768416263,41.42144080049468],[2.076040585294169,41.421533845675754],[2.076006713435395,41.42156295567597],[2.07596136319391,41.42161505565024],[2.075924287562501,41.42167352290935],[2.075899257887979,41.421704829893564],[2.075879406761297,41.421730102380025],[2.075834731045146,41.42176495839276],[2.075727153527395,41.42183647944968],[2.075653886101434,41.42187110584477],[2.075625120517405,41.42188358849237],[2.075532519144061,41.42190730021868],[2.075470989852352,41.421939084182675],[2.075408121628053,41.421973793930675],[2.075370313964038,41.422004863280215],[2.075439330363538,41.422067974457626],[2.076060802248469,41.42230813373651],[2.076338416799583,41.422333956546545],[2.077026748761646,41.42237872693828],[2.077306660760151,41.42239313545967],[2.077472243345916,41.422424855445975],[2.078918811076706,41.422701947854506],[2.079127266786094,41.42272682782628],[2.079562651241599,41.42290732350228],[2.080078567916384,41.423081242416195],[2.080178749094836,41.42332871129714],[2.080191927619126,41.42339808020866],[2.080192670130943,41.42366921905135],[2.080588034099724,41.42437732105122],[2.079984459489027,41.424448004936224],[2.079817730911924,41.42444667242469],[2.079710593609788,41.42445517917035],[2.079556067092216,41.42447080574577],[2.079443824265872,41.42448863916023],[2.079366415572781,41.42450675103022],[2.079233965734743,41.42454503166827],[2.079141469266095,41.42457426399884],[2.078993827317985,41.42463114909039],[2.078713686199975,41.42473006649215],[2.07851838945039,41.42481279465509],[2.078455781379654,41.424840392110916],[2.078291117272919,41.42486904605301],[2.078163365331008,41.42487954817923],[2.07797965063822,41.424894650590176],[2.07774014604008,41.424923497564826],[2.077541720366627,41.42493966559259],[2.077466013346759,41.42496172253402],[2.077368533042055,41.424990913496664],[2.077248636467838,41.425021793643005],[2.07715148013319,41.4250285090647],[2.077044288483421,41.425040764593184],[2.076959597261604,41.42504570162543],[2.076884888244241,41.4250488497013],[2.076805385364532,41.425038849069075],[2.076706005229922,41.42502681081142],[2.076621446554751,41.42502238553426],[2.076514440506765,41.425021527228274],[2.07642488204058,41.42501893524763],[2.076300612552998,41.42500670157802],[2.076231120242831,41.424993029161975],[2.076129277826521,41.42497910171362],[2.076042341075303,41.4249671627393],[2.07592805405715,41.42495313523598],[2.075774029940367,41.424933163364074],[2.075697016338085,41.42492318079725],[2.07562980077424,41.42492451467331],[2.075562399384141,41.42493895838789],[2.075452559399853,41.42496242783696],[2.075277858304677,41.42499661749618],[2.075188142151657,41.42500525995583],[2.075108561504589,41.42500087355578],[2.075041584904565,41.42498535169716],[2.074982387861988,41.42494740974445],[2.074925843798693,41.42489825125616],[2.074881766444012,41.424847320525835],[2.074852197627567,41.42482647850968],[2.074802611149767,41.42481296519303],[2.074730470983197,41.42481051187348],[2.074673184670674,41.424813798539354],[2.074596412135157,41.424786956404056],[2.074514506901371,41.42477131423795],[2.074464787614477,41.424767167442894],[2.074375171838806,41.42476832050033],[2.074262981885887,41.424782402184874],[2.074153113595833,41.42480774371256],[2.073978248083576,41.42485317135727],[2.073905762167229,41.42487506623713],[2.073828158143427,41.424876031546084],[2.073633877504095,41.42491783586502],[2.073514107767048,41.42493935001359],[2.073394555407711,41.424945882023984],[2.073275051669881,41.42494866720756],[2.073163346871984,41.42494915957357],[2.07309082124134,41.424952804696616],[2.073048407503095,41.424959952777336],[2.072993343653046,41.424981991968465],[2.07285554478045,41.42504644260697],[2.072760258385779,41.42509625172909],[2.072791469582256,41.42517705177984],[2.072805731345706,41.425224001850985],[2.072807661133687,41.42526335265011],[2.072794737068103,41.42529696778994],[2.072766832217228,41.4253342047531],[2.072746394121132,41.42537150646089],[2.072748377079738,41.42540711520671],[2.072740271116872,41.42545200581388],[2.07272718721467,41.42549685747827],[2.07269411786947,41.42554716765075],[2.072627924150354,41.42565153922728],[2.072584739022761,41.42571300454711],[2.072549180473522,41.425763295776036],[2.072572146245871,41.42589835307545],[2.072591019197617,41.425971564200026],[2.072612827905289,41.426012948680516],[2.072634935724945,41.42603373116722],[2.072699531835013,41.42604174567747],[2.072734291471339,41.42604764629228],[2.072791152854603,41.4260743304571],[2.07283290019073,41.42611400193257],[2.072877189756043,41.42614995138483],[2.072918830670808,41.42619711615732],[2.072955653388096,41.426233005449305],[2.072987338469242,41.42628009002628],[2.072996755784309,41.42631763217219],[2.073003770132527,41.42634953432914],[2.073005167546386,41.42642634829863],[2.073000948038728,41.426548071773475],[2.073027389028925,41.42661384957366],[2.07305892069144,41.42667217532358],[2.073068286444265,41.42671345952693],[2.073075087920117,41.42676034372154],[2.073079480213014,41.42680159249119],[2.073081303690018,41.426848436604345],[2.073095699153339,41.42688601882002],[2.07313490491106,41.42692941796423],[2.073163728766623,41.4270027044867],[2.073211959046402,41.42711173999586],[2.073264975034602,41.4272339299833],[2.07329645397592,41.427296001177965],[2.073304464891271,41.42733443703893],[2.073306540531474,41.427366889729036],[2.073285613146832,41.42741251073651],[2.073254652758471,41.42745041613064],[2.073196004850925,41.42747475090284],[2.073109366785935,41.4275064847601],[2.07302762817881,41.427549710267975],[2.073133003831884,41.42762687485722],[2.073220958636965,41.42768100149431],[2.073284022947307,41.427702496336174],[2.073341999377259,41.427725859477476],[2.073412451895846,41.42776267764112],[2.073526002501076,41.42779984145456],[2.073591440999366,41.42783279942944],[2.073664457441085,41.42786772763024],[2.073742548491005,41.427902701225676],[2.07381817830694,41.427931927105085],[2.073901444855626,41.42795930853938],[2.07399237071904,41.42798293179419],[2.074090951147706,41.42800280719006],[2.074164347242764,41.42801102655081],[2.074265381586253,41.42803664132335],[2.074323439920528,41.428054280225496],[2.074586314402421,41.428107907489256],[2.074750449057447,41.42815310693182],[2.075462393388507,41.428359155381685],[2.07604765506707,41.42853651770919],[2.076487120925754,41.42870979869359],[2.076522952471906,41.42876821101177],[2.076452478377459,41.4289337963257],[2.075810504985117,41.42922112051571],[2.075422120490454,41.42958194252076],[2.07488041441548,41.42972822143241],[2.074644165145751,41.42983247605792],[2.074548220540478,41.429899116706615],[2.07450979592367,41.42992742405433],[2.074460984163937,41.42997282108548],[2.074409556023356,41.43002392030811],[2.074317358973084,41.43008995561539],[2.074212457644228,41.4301577991232],[2.07411794029339,41.43020855169211],[2.074031049037538,41.43025745738835],[2.073916228119287,41.430309956919324],[2.073773468393793,41.43036604090395],[2.073666386329524,41.43040906408472],[2.073526021088794,41.43047471115429],[2.073260425170845,41.43061185101092],[2.073089121689371,41.43069642436157],[2.072920451419423,41.43079068038698],[2.07273286231911,41.430908103360444],[2.072551599760247,41.43101625077426],[2.072398812109345,41.43111325463551],[2.072112204450782,41.431220272311094],[2.07157254916104,41.43197461240879],[2.071957800597036,41.43219431545329],[2.071914259344981,41.43265585249615],[2.071641613976479,41.432874052131055],[2.071383966094119,41.433152320883394],[2.07127615719115,41.43332402016823],[2.071237818212427,41.43340533166611],[2.071199039611609,41.43351695873219],[2.071151001880704,41.43362617750505],[2.071115290313345,41.43374015709058],[2.071085977323816,41.43384020070322],[2.071034275363316,41.433989036345615],[2.070975549225244,41.434196111885136],[2.070955362019862,41.434307887730746],[2.070908523640387,41.43455003965973],[2.070888342310512,41.43466181668665],[2.070873783314563,41.43481327980726],[2.070881054717452,41.43495559751519],[2.070891952320366,41.435060626959604],[2.070918574618406,41.435149456387485],[2.071006009805317,41.43532040195668],[2.071084705505221,41.43545163160648],[2.071160215040242,41.43558983389746],[2.071244978140158,41.43573043859754],[2.071347907135367,41.435901508892805],[2.071450730918974,41.436079573189026],[2.071488949018885,41.43612581957334],[2.071562865933496,41.4361826439363],[2.071649267674477,41.43623723190401],[2.071735731707172,41.43628713241596],[2.071813025649651,41.43632524034667],[2.072099774889312,41.436402470663275],[2.072361061935035,41.436480842890425],[2.072612904074592,41.43655459351041],[2.073027867820243,41.43660692679417],[2.073350662228783,41.436443163011944],[2.073193875659592,41.436242665394516],[2.073146294398062,41.43619194914592],[2.073120320685303,41.43618894296677],[2.073092559080293,41.43618173026116],[2.073061516838283,41.43614373043596],[2.073022985180595,41.43610986703243],[2.072982590739327,41.436075989768455],[2.072938684897493,41.43602809893308],[2.07518016191419,41.436483950556955],[2.076468646341269,41.43703712015768],[2.074491661062629,41.43996448838043],[2.073916120397499,41.44017225887321],[2.073059850366604,41.440838975731495],[2.072460916723779,41.4415563081889],[2.072288929526092,41.44230742163097],[2.072424496212216,41.44298212226653],[2.07263782327096,41.44329333663742],[2.07274329683887,41.44381608083777],[2.072773050142247,41.4439923081884],[2.072984051808615,41.44446735374188],[2.0730574092672,41.44456926176798],[2.073972686430666,41.44584073240735],[2.075128480169632,41.44737322748083],[2.075295483749533,41.448108862187716],[2.075023772722985,41.44963595040704],[2.074725422991973,41.45019792645198],[2.074209225550693,41.450764218359744],[2.07278273206198,41.4518147303082],[2.07061504817179,41.45339287017773],[2.070564558712734,41.45333371732596],[2.070503622382679,41.45325948203539],[2.07046713267571,41.45322726280826],[2.070398697938501,41.45318513514003],[2.070352899149264,41.45315148874918],[2.070269066080307,41.453078422722456],[2.070210364081418,41.453034192736496],[2.070082165902945,41.4529539247063],[2.069558006257605,41.4526184516028],[2.06911508433062,41.45281533350925],[2.068712987110783,41.4525393965019],[2.06859186484882,41.45245991686529],[2.068463049052143,41.45236481306351],[2.0682918892064,41.45225104731172],[2.068071196767617,41.45209742382192],[2.067906488022419,41.45195310555468],[2.067838309141,41.45188775081499],[2.067754645047442,41.45180755206643],[2.067722060661364,41.45175745516721],[2.067638673304102,41.451629250795875],[2.067573067039657,41.451534657948336],[2.067525638278657,41.45145224426819],[2.067471351357517,41.451345711098035],[2.067394379244462,41.45119465965921],[2.067307306924448,41.45100055079432],[2.067129000262363,41.45074744893892],[2.067020254032542,41.45062609289783],[2.066830734660081,41.450447099041725],[2.066700421318423,41.45032402228741],[2.066590372600146,41.450220084343336],[2.066423474909667,41.45006245330196],[2.065973898718559,41.449672011289145],[2.065822062588536,41.44971030166981],[2.065754438228154,41.449727355255305],[2.065647553849758,41.4497412737538],[2.065579246081223,41.44974071928638],[2.065484929912456,41.44972657581115],[2.065412062462078,41.449711198209386],[2.065250655147791,41.44966130500829],[2.065074874168872,41.449642182009555],[2.064895050550397,41.449627627406066],[2.064801157211646,41.44964124212108],[2.06468901637464,41.44967697041514],[2.064593434404578,41.44971793484867],[2.064443546540836,41.44980576811851],[2.064327100179075,41.449856102882386],[2.064241306374524,41.44988897808595],[2.063999356199459,41.44996200911876],[2.063671820893381,41.4500406887505],[2.063584231685598,41.45006851792173],[2.063473853564421,41.4501037524895],[2.063360472041499,41.45012297450975],[2.063307786715555,41.45012627091036],[2.063248453055334,41.45012084119953],[2.063171058283348,41.450104684789714],[2.063092306964324,41.450076125514634],[2.062968988097386,41.45001854058182],[2.062820296855891,41.449969310573586],[2.062672922465904,41.449941441685645],[2.062559297688751,41.44993807284917],[2.062451904118964,41.44995308135217],[2.062353901203079,41.44999260184679],[2.062267580629782,41.450010225386244],[2.062186711370502,41.44998757453338],[2.062123984352225,41.449945522960014],[2.062019040901986,41.44990312736181],[2.061910410484586,41.44989124612093],[2.061766489019066,41.44990251301331],[2.061666361170071,41.44992346684672],[2.06144158502596,41.44997050555851],[2.061332250682113,41.450007489229776],[2.061284529397461,41.45005108415773],[2.061246145548465,41.45012285615209],[2.061221882271547,41.45022895312908],[2.061174142394521,41.450306610869305],[2.061125756201663,41.450341851090144],[2.06106829398918,41.45036384785544],[2.061020807549714,41.450372369226066],[2.060963668994872,41.45037190312433],[2.060895142875183,41.45036475939012],[2.060781036813617,41.45034157278081],[2.060686596105024,41.45034385065195],[2.060531012993042,41.45037131652817],[2.060415702934395,41.450393696197985],[2.060363644250414,41.45039816111153],[2.060260211169828,41.450394307616946],[2.06012579525973,41.45041060653677],[2.059970078225476,41.45043807088275],[2.059900444715596,41.45046522113731],[2.059872747268432,41.45050017362273],[2.059846201033821,41.450576928937764],[2.059797846903547,41.45064521615553],[2.05970495176274,41.45069989521318],[2.059637968667209,41.450719807239764],[2.059499568749605,41.45076883458989],[2.059421808946935,41.45080804369314],[2.059376356431995,41.45085758433626],[2.059349233047404,41.45091350395114],[2.059284405027522,41.45096836857687],[2.059169838706187,41.45100505078712],[2.05900021493159,41.451027423355974],[2.058910464891977,41.451057048454025],[2.058747124336252,41.45112263508354],[2.058584379589347,41.45114696158518],[2.058195437128781,41.451170249800946],[2.058197746213054,41.45098538913123],[2.058174352802195,41.45090028808581],[2.058115065674694,41.45081412143654],[2.058049456215615,41.450739481608814],[2.058004631756505,41.45064648609494],[2.057982666262083,41.45053360807896],[2.05790203853969,41.45036235702024],[2.057833743697843,41.45018966303247],[2.057755725553701,41.45005085327249],[2.057718183313888,41.44995097009295],[2.057612860543785,41.44994072615436],[2.057589396123053,41.44991749573734],[2.057428511944771,41.44975821543633],[2.057288329532671,41.449594689534266],[2.057180374229663,41.44946875660059],[2.057118492424966,41.44934937621146],[2.057114011403275,41.44921340979997],[2.057130797692462,41.4490661874793],[2.057143723436238,41.44895282315762],[2.057112158997893,41.448865339226074],[2.057060333380043,41.44883095083788],[2.056853206378553,41.44882307871562],[2.056754517071556,41.44876592093361],[2.056631867460837,41.44866302424799],[2.056588718132253,41.44859628669388],[2.056526951098215,41.44846656839645],[2.056485910678763,41.44832759264618],[2.056437011504612,41.4481620039136],[2.056405937320799,41.44797237920478],[2.056375550958714,41.4478672246017],[2.056308100683438,41.4477356446289],[2.056221206140161,41.447603956425596],[2.056149777003862,41.4474957055184],[2.056096059371248,41.447384246654174],[2.05603343054094,41.44725429741554],[2.055978026577577,41.44711378788687],[2.055953730818075,41.44700990808704],[2.055924989815276,41.446887021629465],[2.055865266626129,41.44670020704876],[2.05581299516692,41.44662149060057],[2.055720888598817,41.44643444804596],[2.055596827114374,41.44619970830335],[2.055539009979249,41.44609031048589],[2.055534302711959,41.446031615955526],[2.055506249282239,41.44591826970407],[2.055343406217759,41.44562584829251],[2.055231990293747,41.445420233895426]]]},"properties":{"codiseccio":"4-1","districte":4,"nomdistricte":"La Floresta","seccio":1,"sup":345.351,"id":12}},{"id":13,"type":"Feature","geometry":{"type":"Polygon","coordinates":[[[2.023570722215986,41.457472527671456],[2.023570722215986,41.457472527671456],[2.023942011738764,41.45696191826417],[2.024091108473757,41.45670872941461],[2.024099364700472,41.45652288803844],[2.024076058925645,41.456302508211344],[2.024053352966954,41.45604210032228],[2.023961476166154,41.45573575461275],[2.023754907423386,41.45526561492345],[2.02356378095239,41.45497707015602],[2.02349553876168,41.45479634209862],[2.023624336472781,41.45448717782566],[2.023878120215731,41.45408059862347],[2.024381721168227,41.45335257084752],[2.024505935431241,41.453082402343526],[2.024536101310761,41.45223303500305],[2.024583625051822,41.452089109243325],[2.024585432158678,41.451899843352855],[2.024508023202132,41.45173905470629],[2.024403812907881,41.45159138323943],[2.024263934106876,41.45145675371634],[2.024062584539096,41.451281569689584],[2.023816699933936,41.45111935201983],[2.023745025346104,41.450933303035555],[2.023723880434627,41.45077271692828],[2.02371570425545,41.4506872712494],[2.023869226406647,41.45053916466076],[2.024081848829628,41.45039580661753],[2.024303503001615,41.45024134610127],[2.024649150587512,41.44993744848935],[2.025088195365316,41.44945012100875],[2.025588721170108,41.449087498451384],[2.025742530318595,41.448880975452795],[2.025808578114613,41.44865677641723],[2.025920621695705,41.4484058492986],[2.026002471178607,41.448313208030356],[2.026094867275364,41.44818786295165],[2.026339202910406,41.448048115230826],[2.026683699061849,41.44782203041635],[2.026791837272047,41.44776492637964],[2.026829465279357,41.44771479375783],[2.026848411141362,41.44756864675981],[2.026870445477549,41.44744018362754],[2.026922950993464,41.44729179777953],[2.026999712594177,41.44709064364714],[2.02701131325703,41.44698731765935],[2.02708404420238,41.44683153506921],[2.027162311915197,41.44675399789531],[2.027474780776446,41.446708710050856],[2.02769771864592,41.44659707915911],[2.027930900401978,41.44647292164814],[2.028045476293908,41.44643352854227],[2.028196775493861,41.44640453551242],[2.028589167745435,41.44639523488239],[2.028907699355842,41.44639287744729],[2.029296401177609,41.446406246114186],[2.029443934406918,41.44640496760446],[2.029638773643182,41.446378862315626],[2.029746381156993,41.446357066536855],[2.02985033604026,41.446355420178854],[2.029927473543815,41.44635354773065],[2.02999489241563,41.44632889049007],[2.030174058917616,41.44622949861011],[2.030376840113806,41.44612021521346],[2.030644061928218,41.445961023364525],[2.030823151415273,41.445866674890794],[2.031022915782309,41.44573466209497],[2.031141328165835,41.445662505184075],[2.031260340176607,41.44554999257643],[2.03132628010886,41.44539919516329],[2.031369204774302,41.445217933575265],[2.031402110361391,41.445034065121206],[2.031411551080032,41.44484999921164],[2.031408483054883,41.44460528710281],[2.031381350750589,41.44440073312253],[2.031307627136164,41.44417308420611],[2.031242647964568,41.44403379770622],[2.03123363757487,41.443960909737655],[2.031259853173297,41.44376140320191],[2.031287572525315,41.44359106655898],[2.031325281286243,41.44340040388972],[2.031383062486189,41.44313381777239],[2.031467150496302,41.44290774666338],[2.031560669753763,41.44266970960344],[2.031664315995541,41.442530455152244],[2.031853544606721,41.44232822660917],[2.032024709743194,41.44220227842943],[2.032186843173382,41.4421144703466],[2.032399663431502,41.44203345748379],[2.032732580656864,41.44184517394387],[2.032946973006814,41.441689026232794],[2.034597942990569,41.441648528058714],[2.034630666233029,41.441651604480406],[2.0346979306861,41.44165792820709],[2.034906780602346,41.441717275845726],[2.035136565947576,41.44181020454156],[2.03537652124619,41.44194007974488],[2.035455622463495,41.44197414852587],[2.035633016554899,41.442016476280855],[2.035871065532881,41.44203868108683],[2.036088150361353,41.4420589299504],[2.03622463715232,41.44206332839865],[2.036250386074277,41.442061440266386],[2.036391379507262,41.442051101312046],[2.036505976654383,41.4420658837005],[2.036647802764989,41.44210278051144],[2.036794287547442,41.442159490658916],[2.036871426453686,41.44219855073242],[2.036949789604651,41.442233643932994],[2.037283334543347,41.44229110919266],[2.037344962423996,41.44226873096469],[2.037555823744256,41.442192162934425],[2.037679078221375,41.442139052694245],[2.03786791450033,41.44220629115621],[2.03793345930592,41.442239937478824],[2.037945703687589,41.442257214764574],[2.038032226823482,41.44237930188743],[2.038066718837695,41.44242797116246],[2.038123332334417,41.442476949220215],[2.038170784985193,41.442505268719096],[2.038391631323517,41.44257747974826],[2.038534974696783,41.44262084081954],[2.038587278372398,41.44263932435126],[2.038664437226815,41.44267441729954],[2.038796402586576,41.44273443682201],[2.038889597767392,41.44278128791765],[2.039022244857951,41.442871375595004],[2.039138537587197,41.44295773239725],[2.039345372455013,41.44314497802872],[2.039955420715379,41.443497269918495],[2.040099495673538,41.44360781859182],[2.040156562093448,41.44366233665232],[2.040245015540135,41.443753689226114],[2.040294878642632,41.44379796231948],[2.040424264078142,41.44389378084999],[2.040446483788285,41.44392165800148],[2.040533207297526,41.44408245991896],[2.040604390422084,41.44416389690945],[2.040731830364446,41.44421520178852],[2.040810560567218,41.444210691708804],[2.040953924285722,41.44420237618122],[2.041048287786771,41.44420258793568],[2.041132602858391,41.444208754522904],[2.04130524452363,41.44421798268094],[2.041475953911712,41.44422820986971],[2.04153240773867,41.44423235847722],[2.041596530014619,41.44424154165183],[2.04193884069455,41.444296872470126],[2.042193750032598,41.444342826596085],[2.04232921432874,41.444370738775696],[2.042353440026834,41.44437859871419],[2.042421727502353,41.44440421661819],[2.04254367419292,41.44447304164256],[2.042570417825557,41.444485006187115],[2.042596076002299,41.44449118849578],[2.042954575350835,41.44455148412486],[2.043088808200987,41.44457232052668],[2.043222599220341,41.444586558630824],[2.043320137212387,41.444584760878534],[2.043447753937735,41.44456076481785],[2.043580725602875,41.444524632837364],[2.043814360642309,41.4444454594006],[2.044063594605628,41.4443670692402],[2.044200758552207,41.444347288575536],[2.044349654278401,41.444347103483224],[2.044512775212934,41.44436275250527],[2.044885579293894,41.44446239854027],[2.045214043860822,41.44452305473048],[2.045499465574999,41.44464340141029],[2.045629331868937,41.44469221633926],[2.045716291785539,41.444718441322],[2.046379744293659,41.44485952268001],[2.04657159386139,41.44487775749368],[2.046663039663334,41.44488083263016],[2.046754485475291,41.44488390769404],[2.046985005050447,41.44488582242562],[2.047193721747237,41.444861884348974],[2.047268626570094,41.44484156240575],[2.047603113442463,41.44472500499848],[2.04783579456292,41.444717042968776],[2.04800084925731,41.44470835585685],[2.048404287926358,41.44462225493638],[2.048939717621553,41.44449555243482],[2.049051490557313,41.44448735810594],[2.049150789654232,41.444489628563986],[2.049219390498251,41.44449755198853],[2.049306840012519,41.44451181236805],[2.049570589494241,41.444579417806125],[2.04982510615388,41.444654565563305],[2.050080777046726,41.44473444608194],[2.050485385792944,41.44484567542602],[2.0505972226527,41.4448594174805],[2.050709354561742,41.44485290679647],[2.051226954960428,41.444791913217344],[2.051274631765891,41.44479299973386],[2.051549344983426,41.44490618658661],[2.051779656439881,41.44500264216231],[2.051844584870457,41.445022701865916],[2.051906406160968,41.44502733284083],[2.052594422305214,41.44498807526721],[2.053166446832918,41.44497848923655],[2.053266233377362,41.44498002379757],[2.053353554349196,41.44499953135911],[2.053415636429968,41.44502033780344],[2.053480314252223,41.4450552959153],[2.053750631477159,41.445233827988076],[2.054020950186995,41.44541235943578],[2.054087679857697,41.445449511605766],[2.054150619452651,41.44547705998218],[2.05422429424905,41.445501102573616],[2.054298121032425,41.445517150048325],[2.054355737676969,41.44552564897081],[2.054471478065582,41.44553905243882],[2.05466043384921,41.44555475272097],[2.054705638417953,41.44555806148198],[2.054750842991617,41.445561370225356],[2.054810748832973,41.44555895949115],[2.054889911038902,41.44554122761236],[2.055096750294723,41.445465182772026],[2.055178430822387,41.4454370205307],[2.055231990293747,41.445420233895426],[2.055343406217759,41.44562584829251],[2.055506249282239,41.44591826970407],[2.055534302711959,41.446031615955526],[2.055539009979249,41.44609031048589],[2.055596827114374,41.44619970830335],[2.055720888598817,41.44643444804596],[2.05581299516692,41.44662149060057],[2.055865266626129,41.44670020704876],[2.055924989815276,41.446887021629465],[2.055953730818075,41.44700990808704],[2.055978026577577,41.44711378788687],[2.05603343054094,41.44725429741554],[2.056096059371248,41.447384246654174],[2.056149777003862,41.4474957055184],[2.056221206140161,41.447603956425596],[2.056308100683438,41.4477356446289],[2.056375550958714,41.4478672246017],[2.056405937320799,41.44797237920478],[2.056437011504612,41.4481620039136],[2.056485910678763,41.44832759264618],[2.056526951098215,41.44846656839645],[2.056588718132253,41.44859628669388],[2.056631867460837,41.44866302424799],[2.056754517071556,41.44876592093361],[2.056853206378553,41.44882307871562],[2.057060333380043,41.44883095083788],[2.057112158997893,41.448865339226074],[2.057143723436238,41.44895282315762],[2.057130797692462,41.4490661874793],[2.057114011403275,41.44921340979997],[2.057118492424966,41.44934937621146],[2.057180374229663,41.44946875660059],[2.057288329532671,41.449594689534266],[2.057428511944771,41.44975821543633],[2.057589396123053,41.44991749573734],[2.057612860543785,41.44994072615436],[2.057718183313888,41.44995097009295],[2.057755725553701,41.45005085327249],[2.057833743697843,41.45018966303247],[2.05790203853969,41.45036235702024],[2.057982666262083,41.45053360807896],[2.058004631756505,41.45064648609494],[2.058049456215615,41.450739481608814],[2.058115065674694,41.45081412143654],[2.058174352802195,41.45090028808581],[2.058197746213054,41.45098538913123],[2.058195437128781,41.451170249800946],[2.056755615370543,41.4512439059137],[2.05578025640869,41.45130665044257],[2.055417375765172,41.45157377528726],[2.055652959157575,41.451832948245745],[2.055086408974884,41.45258715693492],[2.05492109105932,41.45337681263015],[2.054389547320747,41.4540734260655],[2.054025847607532,41.453806766812946],[2.052927382135926,41.45351477037827],[2.052867085189804,41.453546429251254],[2.05324707578462,41.454456325893254],[2.053361878136626,41.45479168190815],[2.053338429974355,41.45522879682752],[2.053729117959363,41.4553829060574],[2.050000917014728,41.45871718360117],[2.049924597319362,41.45874194980682],[2.048095224220269,41.4575882997929],[2.045457089141048,41.45726057015687],[2.044292157311462,41.457215217511205],[2.043519330881965,41.45723428847124],[2.043214714960413,41.457211364672766],[2.042528818285334,41.45684879833455],[2.0413530944597,41.45753744423748],[2.041262231608111,41.45772531500304],[2.040998592150072,41.45814115819075],[2.039961730693588,41.45860153465091],[2.03901210859708,41.45865988489023],[2.038687611082913,41.45860619486225],[2.037806200105776,41.45863451655316],[2.037670679459285,41.458633383616935],[2.037346032592108,41.458589884637895],[2.037169328480076,41.45862409295553],[2.037005498028283,41.45870429106619],[2.036825929269665,41.45893220040252],[2.036767876505423,41.4591917146349],[2.036718400198955,41.45978777118477],[2.036508631245711,41.460224446816824],[2.035694597998461,41.45981998295365],[2.035902786648817,41.45949035437242],[2.03603071626393,41.4590886807172],[2.034891958101623,41.45910462846804],[2.034820539642804,41.458436186447855],[2.026046220674935,41.457793794568666],[2.023570722215986,41.457472527671456]]]},"properties":{"codiseccio":"3-3","districte":3,"nomdistricte":"Valldoreix","seccio":3,"sup":385.623,"id":13}},{"id":14,"type":"Feature","geometry":{"type":"Polygon","coordinates":[[[2.037607774286711,41.475068722060634],[2.037733452847265,41.474974216098374],[2.03838359522772,41.47481336358395],[2.040004912887,41.47495087670453],[2.04195006328209,41.476141605396165],[2.04298398820222,41.47687237870014],[2.043091465863327,41.47696800377347],[2.044046443580329,41.47781765033065],[2.044959221409282,41.478714515216446],[2.046613967451137,41.480641084980135],[2.047931765128386,41.48273046369909],[2.048398804137435,41.48252772546367],[2.048937603629947,41.482301906334584],[2.050272208290821,41.48191452667715],[2.051068326959263,41.481683261479205],[2.0535578915897,41.48107701876],[2.054203236089091,41.480907427487544],[2.05664850001991,41.48026478948934],[2.057083093519259,41.48020968483156],[2.062526959260254,41.47951387734888],[2.063253041826192,41.47933543807752],[2.063612034266148,41.47924721140403],[2.06447960950115,41.479162670624646],[2.064603553611873,41.4790324859184],[2.064779631506894,41.478915848406],[2.065521931846391,41.47883660550924],[2.065700979121857,41.47881749076574],[2.065703077422254,41.47974263138487],[2.065426252244734,41.48085942536582],[2.065107707019343,41.48167593040615],[2.064312469189161,41.48256931561581],[2.063673427502632,41.483267845388255],[2.064765119321732,41.48416503205633],[2.064878669921826,41.48423836932039],[2.065918456215398,41.48529080001974],[2.067519425079971,41.48695410232722],[2.067914966107484,41.486852451684754],[2.068052371538593,41.486994890135186],[2.067746956670454,41.487999932499704],[2.067985920835875,41.48824804815696],[2.068189949108576,41.48839558479596],[2.068602314615872,41.48838980482788],[2.069100921394718,41.48828898416365],[2.069781850669292,41.488157722792295],[2.070468644173213,41.48804018142585],[2.071554762708831,41.487980564677756],[2.072609593784799,41.48798906899758],[2.073410394925816,41.4879544887416],[2.075979269539416,41.487707577838],[2.077376101010942,41.48745026194469],[2.079406803048412,41.487468711272065],[2.08128173095774,41.48753309791641],[2.082998743677372,41.48768509843059],[2.083721448685895,41.487838375377734],[2.082053985823075,41.488921693913284],[2.078872522386001,41.494991486830116],[2.074217471120818,41.49727936802188],[2.074251549408613,41.497328678024196],[2.074293111055252,41.497380840478485],[2.074333630567745,41.4974233116605],[2.074369528256416,41.49748032851651],[2.07442388034544,41.49752982493931],[2.074492536162709,41.497577903315],[2.074571422917691,41.4976230023262],[2.074615778284909,41.49765861815092],[2.074722280584997,41.497769863713565],[2.074744182792854,41.497806834720635],[2.074757605975063,41.497866733259535],[2.074764455713761,41.49795878013819],[2.074771305546351,41.49805082161149],[2.074782387576998,41.49813232116322],[2.074789165430173,41.49822881121464],[2.074792241528364,41.49829935879158],[2.074791500170464,41.498351482722484],[2.074786679837894,41.498403569358246],[2.074777824074526,41.498452556558],[2.07476482978447,41.498506113228665],[2.074733171492437,41.49858098430238],[2.074691389944669,41.49865117123404],[2.07465786940494,41.49871376294031],[2.074644421496378,41.49884299187879],[2.074701579570875,41.49890260252821],[2.07488625865617,41.499304178960486],[2.074992611604909,41.49955547340697],[2.075119632635349,41.49992770401838],[2.075165967609554,41.50004963378193],[2.075195157049921,41.50014842735688],[2.075218887683849,41.50027605813579],[2.075242900084666,41.500461576722635],[2.075198460500487,41.500541362275996],[2.075151009641371,41.500598582791284],[2.075100257879444,41.50065327272349],[2.075039199085772,41.500730416112944],[2.074998125094648,41.500807725498866],[2.074984263202869,41.50084517821615],[2.074963389051785,41.50090762032581],[2.074963389051785,41.50090762032581],[2.074936027217269,41.50095749010843],[2.074928868935944,41.50099249356607],[2.074934887626474,41.50103761817817],[2.074940659307435,41.50110027985837],[2.074929741973479,41.50116530692527],[2.07493214364328,41.501292558229515],[2.074944687071635,41.501412267253166],[2.074938769227227,41.50149433491752],[2.074945060891321,41.50155329335957],[2.074953868481307,41.501601566823666],[2.074955266332033,41.50169375896692],[2.074988247251096,41.501756399740046],[2.075013507174255,41.50179560784395],[2.075043067642859,41.50184149112864],[2.075192059715891,41.5020267755593],[2.075264666877553,41.50212175568561],[2.075292273692165,41.502184456771126],[2.075315306845504,41.502234623447244],[2.07533782649859,41.50232049100382],[2.075331279595781,41.50240393624581],[2.075328442240018,41.50248636734247],[2.075311839203728,41.50260241844152],[2.075302819256793,41.502652318570036],[2.075298269251504,41.502738486548715],[2.07529320422615,41.502860877820076],[2.07528761656699,41.50290330783169],[2.07527856223256,41.50295570630913],[2.075266025896376,41.50301931884032],[2.075234481561514,41.503134003249244],[2.075158363136867,41.503344523100566],[2.075091144876867,41.503513888832714],[2.075076999774253,41.50357374496675],[2.075064295131945,41.50365953212921],[2.075052203634268,41.50370346721746],[2.075044522757239,41.503742677385766],[2.075044522757238,41.50374267738585],[2.075033991780869,41.503769137309],[2.075019259630216,41.503789384446264],[2.074999409291526,41.503830405451836],[2.074990810721555,41.50385865174046],[2.0749875098456,41.50388694781444],[2.074987963833272,41.50392326625944],[2.074990194989305,41.503969761042136],[2.074995488752521,41.504005386992205],[2.075006367325174,41.50405558662936],[2.075020185382006,41.504102901428205],[2.075047061233661,41.504183002414706],[2.075054293036482,41.504217918847864],[2.075065990058877,41.50434655625497],[2.075067746000165,41.5046305259784],[2.075060398425748,41.504718962657016],[2.075057984026751,41.50477351070448],[2.075059298024025,41.50481709865358],[2.075064658201019,41.50484764050007],[2.075073898410121,41.50487749294418],[2.075106735002054,41.504946018773516],[2.075145058074696,41.50503638188043],[2.075179557616532,41.505123804885585],[2.075214331659094,41.50519235165523],[2.075239809055664,41.50523467367816],[2.075250261656957,41.505247106695634],[2.07526993046866,41.505290837619896],[2.07528768022769,41.505333102943446],[2.075294092397578,41.505357843512144],[2.07530525018907,41.50538843643186],[2.075314364355171,41.505426997913965],[2.075336942461768,41.50553756395042],[2.075345887762193,41.505656014439886],[2.075340150422744,41.50573128749835],[2.075325646668156,41.505863961282714],[2.075301968085922,41.506050307980345],[2.075249640681239,41.50623193882677],[2.075181271490179,41.50638808515003],[2.075176108212541,41.50646510121462],[2.075183555294435,41.50659898629743],[2.074600882799917,41.507027805974076],[2.074480371435361,41.507116495607924],[2.074242005793384,41.507139412434626],[2.073973685566573,41.507165208527994],[2.07384293307056,41.507163962272145],[2.07371345893697,41.50715727400099],[2.073579764617282,41.50713925912014],[2.073489295410312,41.50711876895901],[2.073375338293019,41.5070773867107],[2.073201296499207,41.50701418506798],[2.073072575447025,41.50697613926993],[2.072994088350156,41.506952940919184],[2.072947457361514,41.50693915821257],[2.072848068797734,41.50691786835377],[2.072752479181892,41.50690533521087],[2.072608045330114,41.50689429047942],[2.072482253260878,41.50689280621991],[2.07231719014665,41.50689755874361],[2.07220098771975,41.50690759952047],[2.072103015316127,41.50693280903848],[2.071977724325436,41.506987264168394],[2.071696864404836,41.50711730707256],[2.07158568891868,41.507166987658536],[2.071147576752229,41.50737670154561],[2.071036467190847,41.50746619992563],[2.070880972629214,41.50762746586018],[2.070842355866549,41.50766880524571],[2.070802069297843,41.50775096560424],[2.070729999851989,41.50792842196896],[2.070663150647119,41.50804466873847],[2.070569657059862,41.508200718063044],[2.070504348850132,41.508285126296826],[2.070462460741105,41.50832725581639],[2.070402925204923,41.50835992985832],[2.070347632734901,41.508383835180844],[2.070289937314248,41.50840371377946],[2.070191551639227,41.50843004516355],[2.070075067127264,41.50846023750394],[2.070015722608329,41.5084807191444],[2.069933239845842,41.50851334386884],[2.069849857575656,41.508551509811824],[2.069781258475996,41.50858825392294],[2.069699392691761,41.50863506308812],[2.069633619562355,41.50867491248102],[2.069553248164853,41.508731905959685],[2.069497346563298,41.50876967731513],[2.069442899785857,41.50882040701801],[2.069392954493609,41.50887178960039],[2.069305563275581,41.50896078441329],[2.069269422492489,41.508993166913996],[2.06923308409726,41.50901477040811],[2.069198710582105,41.50902949987174],[2.069159094762548,41.50903851743402],[2.069108836828285,41.50904711540167],[2.069057367372181,41.50904736606251],[2.069004238019938,41.50903959928709],[2.06894810838344,41.50902447122788],[2.068900393221748,41.509010411718094],[2.068860085911783,41.50900575010815],[2.068815318535985,41.50900271989301],[2.068756751203433,41.50900291298761],[2.068694992568233,41.509009083216036],[2.068588166629437,41.50902070971874],[2.068474372857589,41.50903692701788],[2.068320970985899,41.50906337021964],[2.068253299922564,41.509073698603345],[2.068124095484824,41.509094404950254],[2.068048014260582,41.509110268026646],[2.067931504713872,41.50913239529249],[2.067824244242823,41.50915163110908],[2.06775437150842,41.50916260053139],[2.067694186323757,41.50917068214289],[2.067614692125479,41.509179925619364],[2.067554101576689,41.50918569679106],[2.067442164897882,41.509194677283766],[2.067340721704664,41.50920572020817],[2.067261661102048,41.50921529653739],[2.067082496071751,41.50923427844411],[2.067016135153159,41.50924494630223],[2.066955841047965,41.50926060705655],[2.066890997280359,41.50928776630097],[2.06684502882713,41.50931343064479],[2.066801205104571,41.50934240819313],[2.066743096735348,41.50938906737606],[2.066709342221375,41.50941911529291],[2.066669736941969,41.50945966241084],[2.066633205236787,41.50949990485933],[2.066600161873051,41.50954149392115],[2.066574585695212,41.50958215478923],[2.066543912541547,41.509641890131405],[2.066528839314342,41.509683954511395],[2.066516678849119,41.50973691875907],[2.066507416953292,41.509801771509345],[2.066502077124811,41.509868303987666],[2.066503023349061,41.50989401914683],[2.066507076335546,41.509917122841365],[2.066518464127135,41.50994852560929],[2.066539826700319,41.50998758969546],[2.066566902910906,41.51002571137118],[2.066601427514108,41.510064223034995],[2.066641180054318,41.510105084170426],[2.066662703581702,41.51013294371241],[2.066678494584087,41.51016306384158],[2.066683834520874,41.51018815546487],[2.066677638412069,41.510222711441315],[2.0666605291378,41.51025388307934],[2.06663816828388,41.51028435295659],[2.066592981244307,41.51031661519303],[2.066546554597454,41.51034359402724],[2.066495701139315,41.51037350318209],[2.06645448339926,41.51040414964503],[2.066423424977081,41.510429605178466],[2.066368322778724,41.510480573127374],[2.066335374452346,41.510514704629244],[2.066307898373522,41.510546755083375],[2.066281314113745,41.51058388947627],[2.0662560988317,41.510626474302114],[2.066235665567621,41.51067199889967],[2.06622594337172,41.510710720582274],[2.066221522041207,41.510749847897095],[2.066217624733286,41.51078607848648],[2.066214140209655,41.51086075036908],[2.066209085480089,41.510910388584236],[2.066200898871124,41.51094295814705],[2.066192328818752,41.5109686347777],[2.06618038735488,41.51099392142869],[2.06616504843868,41.511020630998345],[2.06614046629935,41.51105270489174],[2.066097356034556,41.51109840806395],[2.066047252956479,41.51115253715315],[2.065974043846628,41.511225343505494],[2.065897788760007,41.51129328816536],[2.06580640033327,41.51136778433862],[2.065718420189585,41.511436912733885],[2.065628548634273,41.51150422424363],[2.0655476714115,41.51158021969509],[2.065526840114919,41.511604694522305],[2.065508045853771,41.51164085034184],[2.065440252213099,41.5118061872872],[2.065416531288296,41.51185577800374],[2.065394618851075,41.51189209763347],[2.065358862563822,41.51192779141035],[2.065261610635831,41.512014102133215],[2.065122443514748,41.51213103036962],[2.064987000777559,41.51225642853413],[2.064901127933191,41.51235053263838],[2.064852886682343,41.51241272336295],[2.064788123598545,41.51250049564354],[2.064690313389604,41.512630428405174],[2.064713437894924,41.51264741922695],[2.064663796442711,41.51271694844467],[2.06463899672395,41.51276149514294],[2.064619934374679,41.51280152270715],[2.064586872365292,41.51288281412924],[2.064545850899563,41.51300619593956],[2.064526134869216,41.513083054802905],[2.064518387761185,41.51312173450163],[2.064512143914849,41.51316127009756],[2.064503447119045,41.51324062648624],[2.064498551816233,41.51334098204002],[2.064505113529422,41.51345961646116],[2.064511227024154,41.513584417234405],[2.064520448084062,41.51374810074958],[2.064526320797816,41.51386382020359],[2.064532180913958,41.51392504152156],[2.064547911795612,41.514047312226964],[2.064565845546127,41.51419181795339],[2.064588494062787,41.514373454045696],[2.064607980193842,41.51453334783111],[2.064615973700902,41.51458890209879],[2.064619761609221,41.51461670805336],[2.064623298900438,41.51464454859322],[2.064624947458279,41.5146584854352],[2.064627952185599,41.51468639946873],[2.064629287469937,41.514700379542354],[2.064631052177496,41.51472138252697],[2.064636919243957,41.5148482378711],[2.064638483770548,41.51489374146849],[2.064640188859128,41.514954364343225],[2.064640973408445,41.51498469238478],[2.064641122684741,41.51499041324904],[2.064642237287979,41.51503312927537],[2.064644885027182,41.51513011994531],[2.064649299793613,41.5152795612315],[2.06465154612375,41.51535432063244],[2.064652191932206,41.51537606949192],[2.064650289050961,41.51541670396713],[2.064569520283401,41.51560800193027],[2.064544318770665,41.51567122644681],[2.064520400877375,41.51576100588875],[2.064503353794632,41.515833853420524],[2.064487745348063,41.515920818066675],[2.064472105352912,41.51603911882927],[2.064457375834847,41.51616076869512],[2.064442212266996,41.51629342194077],[2.06443350527325,41.51638880144691],[2.064427453904972,41.51651782676687],[2.064419712831346,41.51661769975297],[2.064413494153933,41.51670005692143],[2.064411421835232,41.51673079997957],[2.064413514600886,41.51677441229193],[2.064414525811318,41.51684820825691],[2.064419259074045,41.51691902604497],[2.06442231344238,41.51697326577166],[2.064432257100526,41.51704427904119],[2.06443724749219,41.517113054261266],[2.064442306447372,41.517162077045434],[2.06442663006916,41.5173219467637],[2.064333743595783,41.51904845069215],[2.063865803093627,41.51963694039336],[2.063365596807336,41.51949026110992],[2.063218080425423,41.51946414651702],[2.062983397630191,41.519457703567156],[2.062804689281346,41.519485691255866],[2.062516539934379,41.51947894150922],[2.062444143861108,41.51946061275256],[2.062279994722801,41.51940637340651],[2.062200785525637,41.519388541535506],[2.062060965737723,41.519371345679],[2.061940866743961,41.51936112425136],[2.061827200854248,41.51935418938757],[2.061562100511481,41.51936440750308],[2.061157522291945,41.519393683777096],[2.060827267867763,41.5193072643979],[2.060733906159249,41.51926661049179],[2.060589266549065,41.51920046430375],[2.060411067937978,41.51916100042959],[2.05987115830281,41.51900620444552],[2.05951321676967,41.51885291884606],[2.059448792295695,41.51877423199331],[2.059374758902739,41.51871700447205],[2.05925739839954,41.51870262976749],[2.059119641065082,41.51871037237387],[2.058872358678309,41.51876951927004],[2.058679894332364,41.51879003388971],[2.058183013511978,41.518702878210355],[2.0580144677279,41.51868603891772],[2.057802057718444,41.51849666443404],[2.057770883232813,41.518383297455344],[2.057676489401338,41.518139547891685],[2.057553133714595,41.517759630054876],[2.057482626737844,41.51747699576548],[2.057314402850512,41.51722924289059],[2.057174349144336,41.51694123007307],[2.056960735871512,41.51653302298893],[2.05687315953445,41.51640295109703],[2.056790838512637,41.516314214967906],[2.056648964973342,41.516129293532195],[2.056530421708433,41.51603701093764],[2.056398310168424,41.51600560422541],[2.056279933074522,41.5159978388201],[2.056153496452538,41.51597833852568],[2.055860977179154,41.515885874894046],[2.05554337524627,41.51573307340983],[2.055458457052214,41.515589555210006],[2.055318338954683,41.51544447515862],[2.055082038125356,41.51530546902253],[2.054876400241849,41.51515644160229],[2.054572189131767,41.514997132256426],[2.054403717792341,41.514931999839376],[2.054177122615325,41.51490671871271],[2.054111745583331,41.51488494937137],[2.053998257845626,41.514813365674435],[2.053956722865783,41.51477701914973],[2.053721384049386,41.514571077278156],[2.053604801057481,41.514415607368655],[2.053454714751302,41.51422643547154],[2.053398372158421,41.51415324808055],[2.053306735863362,41.514081823770525],[2.053077503613348,41.513976290342534],[2.052945007625262,41.51389992485823],[2.052903232447226,41.513847775417446],[2.052852314375585,41.51376744516937],[2.052817081530916,41.513686992797275],[2.052792992851928,41.51351437616805],[2.052766459768379,41.513413439055164],[2.052710722573306,41.513327693220184],[2.052643632443561,41.513262066601875],[2.052460304156323,41.51317601331601],[2.052326284572656,41.51310129703729],[2.051900083689358,41.51272357763153],[2.05158608733703,41.51252082965647],[2.051270731204614,41.51240823180804],[2.050926596598039,41.512179116980924],[2.054449275231188,41.509822104890226],[2.054556028738144,41.50923840959745],[2.054556749461127,41.509188875437474],[2.054540683062059,41.50914010399655],[2.054487749454275,41.50907211414328],[2.054417171481529,41.50898146096824],[2.054342522024257,41.50884123418177],[2.054323797450862,41.508810455427785],[2.054319162185299,41.5087996085649],[2.054313669571479,41.508765335700886],[2.054313853072384,41.508752727005565],[2.054319222333012,41.508713139086744],[2.054319956330283,41.508662704304406],[2.054305038294203,41.50845271179372],[2.054296056180259,41.5084112044005],[2.054289208189335,41.508387729134725],[2.054288521247178,41.50835259505701],[2.054293706983673,41.50832561583277],[2.05430498821465,41.50829148090135],[2.054317782127169,41.508235740912504],[2.054326758823187,41.50819528192509],[2.054332062490184,41.50816019710721],[2.054362704809503,41.50803074410076],[2.054367098653688,41.50797583576101],[2.054367452518388,41.507951518987554],[2.054354666363955,41.50792439198011],[2.054326396393112,41.50789083254513],[2.054320641709377,41.50787457210173],[2.054317230842078,41.50786193384756],[2.05431516227065,41.5078393986118],[2.054320426591235,41.507807015656],[2.054331602861058,41.50778008568791],[2.054346268626193,41.50776039024453],[2.054359775582512,41.507737983083516],[2.054369766812032,41.507710142638004],[2.054371436742796,41.507677730123525],[2.054367181619389,41.507640765243934],[2.054365742122163,41.50757500018598],[2.054366292571207,41.50753717409124],[2.054369304775906,41.50749486459305],[2.054388324926961,41.507422962660705],[2.054392181373945,41.50740497978836],[2.054395010077897,41.50737527898705],[2.054401393795622,41.50734830960347],[2.054413820480668,41.50731778698996],[2.054435845137166,41.507286442561224],[2.054452933184819,41.507264965560246],[2.054494350313788,41.50721846816645],[2.054501656900246,41.507210421675545],[2.05466043748481,41.50700365854527],[2.054755985691136,41.506860327252866],[2.055496137936623,41.505483788875274],[2.055311627377912,41.50540030700565],[2.055614177935989,41.502720418995445],[2.054799401654242,41.50288666556945],[2.053757042944685,41.502965464747945],[2.053667377997403,41.502787283203226],[2.053654947178982,41.50273583931704],[2.053646359613068,41.502667313188375],[2.053632757036706,41.50261405819712],[2.053583528557082,41.50253889251726],[2.053533875961003,41.50241058026564],[2.053500195752017,41.50233734396491],[2.053495110636316,41.50227515175496],[2.053486396264328,41.50205079829833],[2.053443560583672,41.50186579611829],[2.053367880524141,41.50171475131196],[2.053265123210888,41.50161302370177],[2.053162379337878,41.50151039537944],[2.053012175014808,41.50137585062444],[2.052779270088279,41.50124332674757],[2.05266456073158,41.50113969869568],[2.052573716355889,41.5009606058104],[2.052544944501542,41.50046857017246],[2.052393487493204,41.499844917804296],[2.052361162252542,41.49967891709771],[2.05232762607298,41.499513807129674],[2.052303109136424,41.49938750287052],[2.0522941132622,41.49926492942571],[2.052286026497236,41.49916217953555],[2.052275057993231,41.499092732916964],[2.052274450930536,41.49905219505098],[2.052284533561113,41.499018050385644],[2.052316415736261,41.49896787220838],[2.052343387872509,41.49892576013618],[2.052367540758351,41.49883048173764],[2.052409544682368,41.498743456988535],[2.052464607789012,41.49866464638999],[2.052519657633453,41.49858673638484],[2.052534571232993,41.49854992930274],[2.052543744491312,41.498495961050914],[2.052542992862638,41.49846533002531],[2.052453993646306,41.49824211638345],[2.052390391259183,41.49808486524991],[2.052199332195948,41.497877023577544],[2.051805256535576,41.49762427290604],[2.051534215536384,41.49739685533178],[2.05146306272663,41.49734672833639],[2.05143828740154,41.49732040281183],[2.051376586716416,41.49727936102681],[2.051314833535534,41.49724192169773],[2.051242535719938,41.497188182198144],[2.051170579804272,41.49711102647902],[2.051120015714204,41.49704575670791],[2.051092910535151,41.49701490823271],[2.051048073246918,41.49696770029133],[2.050983239566102,41.496895106872664],[2.050922921569658,41.496841466024065],[2.05087322711581,41.496798721584035],[2.050833313291418,41.49674254688349],[2.050827941768523,41.4967001682133],[2.050835760441214,41.496656997671465],[2.050857084870974,41.49659142032433],[2.050878422405712,41.49652494234993],[2.050895283833182,41.49643680989608],[2.050888740681464,41.49639262009633],[2.050858607580641,41.4963230151565],[2.050822392968327,41.49625966513167],[2.050729704810718,41.49612559198703],[2.050679102459817,41.496063023890244],[2.050643809868335,41.4960185967628],[2.050610755293231,41.4959849968676],[2.050587389172099,41.495944271096974],[2.050585493185457,41.49591002767778],[2.050597985131267,41.495875002301574],[2.050612662417763,41.49585440665539],[2.050619033327676,41.49582833805512],[2.050611134690701,41.4957949458152],[2.050586610198047,41.495751508288734],[2.050543103564773,41.49569530382034],[2.050513550809347,41.49566803792048],[2.050467227565474,41.495640633554096],[2.050429105444096,41.495625907112654],[2.050387376504946,41.49561205160836],[2.050327863378447,41.49558543900869],[2.050279236587194,41.495551710429815],[2.050254475574179,41.495524484032266],[2.050248657162853,41.49551272648346],[2.05024668241846,41.49548388679095],[2.050249591338459,41.49544878231243],[2.050236914533487,41.495414449855915],[2.050209770969408,41.495386303041954],[2.050047500983645,41.49484902799162],[2.049956197644668,41.49437448935195],[2.049949536864426,41.49433840509212],[2.049942573385738,41.49432303514306],[2.049938321516305,41.49428607005057],[2.049949655095968,41.49424833297339],[2.049958290228054,41.49423129041641],[2.049986617651031,41.49417838128591],[2.049994081218122,41.49415952758655],[2.050037901537468,41.49403018428233],[2.050058106951313,41.493959193425056],[2.050059778549452,41.49392678091551],[2.050071677834469,41.493850317062254],[2.050088052714546,41.493795507717415],[2.050089619021468,41.493770300185155],[2.050089447549862,41.4937000417475],[2.050086367170512,41.49366488779437],[2.05006918885463,41.493610702046695],[2.050057881410376,41.49356467136723],[2.050039334216631,41.493522183811805],[2.050006557559001,41.493469670675246],[2.049957234744896,41.493401708421594],[2.049940938597264,41.49336914748624],[2.049896407328554,41.49330122478697],[2.049874082501626,41.49327131623162],[2.049845676314479,41.49324766254863],[2.049832723726447,41.49323224311123],[2.049795077009947,41.49318509406463],[2.049769224540464,41.49315065268773],[2.049743372098151,41.4931162113051],[2.049712688806267,41.49308443219441],[2.049684427564131,41.493050871626316],[2.049653981292719,41.49300288129769],[2.049643450816772,41.49298568039053],[2.049633065158844,41.492958572636425],[2.049633262630339,41.49294506330098],[2.049634052514972,41.49289102595882],[2.049636987952567,41.49285412023765],[2.049645228169165,41.492782129835184],[2.049656614297249,41.492740790286526],[2.049664354235522,41.49270302353258],[2.04966728964544,41.49266611780917],[2.049669040377719,41.49262830156527],[2.049666921148763,41.49260936869881],[2.049664788756778,41.4925913364547],[2.049659049690641,41.492574175139474],[2.0496487694036,41.492539862406026],[2.049637607239239,41.492483924835064],[2.0496381338183,41.49244789993741],[2.049641635297797,41.492372267447564],[2.049660563777325,41.49230667047588],[2.049668014049558,41.492288717412784],[2.049681703586514,41.49225370200981],[2.04969061495012,41.49221774639267],[2.049691115167677,41.49218352273779],[2.049685705220362,41.49214384586041],[2.049675569784669,41.4920996262798],[2.049670962765405,41.49208697797425],[2.049661590764575,41.49207248883273],[2.049651020940372,41.49205798979261],[2.049640424792345,41.49204529199657],[2.049616810525916,41.49202167785026],[2.049524709783761,41.491929942883175],[2.049464529201098,41.49186729506046],[2.049431424644134,41.49183729732107],[2.049397095959824,41.491809090916895],[2.049360332156648,41.49178356656851],[2.049346274325211,41.4917618328186],[2.049342838878209,41.491750995646],[2.049340890955405,41.491720354679764],[2.049340456892403,41.49166810867463],[2.049343260746562,41.491640209179344],[2.049348591917349,41.49160332326061],[2.049357201432935,41.49142414888396],[2.049366981922912,41.49132875219959],[2.049364520905494,41.4912512689579],[2.049356794607791,41.491206168524904],[2.049341473722376,41.491106961430866],[2.049302789299804,41.49096702829457],[2.049284032612338,41.49093895057291],[2.04926980378873,41.49092892490637],[2.049226998819277,41.490906953499604],[2.049183127773582,41.49087596594895],[2.049141784085694,41.490835991961966],[2.049097163144833,41.49077437330885],[2.049076103194766,41.490739971389196],[2.04906577080189,41.49070926108943],[2.049064020605687,41.49066511077611],[2.049058677008819,41.490620930751355],[2.049034313510083,41.49056668541588],[2.049010989782976,41.490523257450356],[2.048994931910591,41.49047448517096],[2.048996524881753,41.490447476397634],[2.049005712974867,41.4903926077492],[2.049019705406045,41.49033687809312],[2.049027155618527,41.49031892506495],[2.049052849353884,41.49028220751818],[2.049067407288128,41.490269717644914],[2.049103788928347,41.490239393576005],[2.049120847795159,41.49021971852075],[2.049134431805901,41.49019190815031],[2.049143369507887,41.49015415131768],[2.049157164215623,41.49011193098105],[2.049175605200328,41.490079657101624],[2.049188070384518,41.490046433085006],[2.049191927146039,41.4900284503376],[2.04920823589605,41.48997814419325],[2.04921691014075,41.48995839980728],[2.049221793479044,41.48995213505585],[2.049249750845517,41.48992444349116],[2.049268244403244,41.48988856710378],[2.049274509874933,41.48986970353279],[2.049272430340838,41.489848068783985],[2.049270548333122,41.489812924693666],[2.049269692924119,41.48978949860042],[2.049273457468579,41.48977782020848],[2.049279551741024,41.489770664732745],[2.049289186695239,41.489767141451274],[2.049316814760662,41.489761965437786],[2.049360066695292,41.48975331563284],[2.049378112470575,41.48974806040081],[2.049392604388516,41.489740073597325],[2.0494037531118,41.489714945258754],[2.049401634039226,41.48969601237976],[2.049382824998291,41.489671537162764],[2.049378257699721,41.48965618697419],[2.049380903434008,41.48963909494105],[2.04939060419622,41.48963106853664],[2.049427932951667,41.48961786609032],[2.049470144979476,41.489598398868786],[2.049491981526613,41.48957966397304],[2.04953196908754,41.48954846883293],[2.04955989981815,41.48952257843345],[2.049587870017839,41.489493986158145],[2.049595438446314,41.48946792748177],[2.049593279833471,41.48945169647371],[2.049585461420711,41.48941290040305],[2.049586382884632,41.48934985679917],[2.049597505136462,41.48932652968449],[2.049607245315259,41.4893158013918],[2.049629200195122,41.489288960861245],[2.049641428056268,41.489271947999896],[2.049647640705869,41.489256686896574],[2.049655235406538,41.489228826968755],[2.049658117977068,41.48919552371377],[2.049661382260322,41.48913610239239],[2.049659328941513,41.489112666400786],[2.049657025533624,41.4891063422456],[2.049652287091963,41.48910270016484],[2.049627397118893,41.48908447986064],[2.049615485207768,41.4890798777702],[2.049554662085233,41.48906136051623],[2.049543947955789,41.48905676831672],[2.049535629372072,41.489052195913125],[2.04953091726995,41.48904675258154],[2.049528613876813,41.48904042842387],[2.04952423088766,41.48901246951819],[2.049515543907281,41.48895114796826],[2.049501710418583,41.48891410364233],[2.049477136520715,41.48887426835507],[2.049465487962736,41.488851653790164],[2.04943851857481,41.48881179869643],[2.049384369236911,41.48874649845757],[2.049317544941943,41.48864686561495],[2.049267976229314,41.488596014891954],[2.049228976764495,41.48855966322952],[2.049187713507545,41.488514285520765],[2.04916082344258,41.4884690266252],[2.049149254081479,41.48844100829094],[2.049108873338658,41.488335288816565],[2.049041168221484,41.48821403096151],[2.04901055340068,41.488177748550086],[2.048964723435645,41.488117020557276],[2.048923277155781,41.48800228488337],[2.048900507640183,41.487921030722404],[2.048892847880671,41.487871427125164],[2.048881950549969,41.48779747699177],[2.048877699641397,41.48776051182949],[2.048881780278066,41.487727218494115],[2.048886782030925,41.48771284814616],[2.048895469230239,41.48769220315157],[2.048907802352755,41.48766798537839],[2.048933639971309,41.48762136097792],[2.048955844803257,41.48757740872744],[2.048968335938552,41.48754238347036],[2.048972218942006,41.48752259947556],[2.048976352198485,41.487485703642584],[2.048973061911019,41.48746495960044],[2.048959308062174,41.48742251146807],[2.048952319185425,41.48740894269723],[2.048939328432859,41.48739622502748],[2.048916808444595,41.48737982562794],[2.048870439034277,41.487356023141245],[2.048845655327479,41.48733059768745],[2.048828084424666,41.4873034304154],[2.048820055929297,41.48727904425468],[2.048824281467235,41.48723584406502],[2.048826927236493,41.487218752038004],[2.048838075726751,41.48719362374111],[2.048851423086582,41.48710005799459],[2.04884253936855,41.48705224572938],[2.048812597036794,41.48697003148745],[2.048795157978415,41.48693385797896],[2.048764451667425,41.48690387986353],[2.048727677679175,41.48687925594649],[2.048676451891658,41.48685991687361],[2.048583266019077,41.486842932877195],[2.048540253117187,41.486835371199106],[2.048455662283147,41.486804046489844],[2.048391551548635,41.486764784582405],[2.048359634595585,41.48673569707393],[2.048313753513853,41.48667857131592],[2.048233285189472,41.48652928465304],[2.048194590706614,41.48647221831702],[2.048168557145374,41.486450385299946],[2.048131796822119,41.48642486057257],[2.048077176152979,41.48639198215432],[2.048046417693012,41.48636560634256],[2.048016896531833,41.48633653856752],[2.048000748092595,41.48629407049396],[2.047991627781042,41.48626246937799],[2.04799699877216,41.48622288162226],[2.048011661456067,41.48620318688246],[2.048040775858092,41.48617820736495],[2.048072167024938,41.486161353273204],[2.048077063363747,41.48615418794141],[2.048092936908523,41.4861336024806],[2.04809668825675,41.48612282474284],[2.048099439628877,41.486098527746556],[2.048093991542098,41.486061552637565],[2.048089437969241,41.486045301771156],[2.048078803537361,41.48603530570087],[2.048063365062068,41.48602617059999],[2.048046728875443,41.48601702558371],[2.048033672656342,41.48600881092864],[2.048015983786422,41.48598974914106],[2.04800305941785,41.48597252825224],[2.047990029581768,41.485962512346234],[2.047981698316781,41.485958840456206],[2.047945898728342,41.4859495367995],[2.047896924293927,41.485940124068534],[2.047853859327222,41.48593616463175],[2.047803568521259,41.485934847552834],[2.047770019339774,41.4859354705263],[2.047735232880326,41.48593878544231],[2.047663159012441,41.48595260039156],[2.047634242408116,41.485964070469926],[2.047576580639477,41.48597530250645],[2.047509469041479,41.48597744893359],[2.047412414570375,41.485979347326364],[2.047371705461439,41.485978109417644],[2.047350199368987,41.48597432835724],[2.047302462302862,41.4859622234259],[2.047272704161761,41.48594936667461],[2.047260924935779,41.48593575811723],[2.047257661654435,41.48591321278142],[2.047264204383062,41.48587543622924],[2.047261980483738,41.48586370828912],[2.047261178601142,41.48583667968184],[2.04724237146149,41.48581220411896],[2.047222221481443,41.48579762548256],[2.047207967700587,41.48578940081313],[2.047171010195823,41.4857773851265],[2.047141080617831,41.48577623643888],[2.04710983456261,41.485783183425895],[2.047083260574629,41.485798275703246],[2.047071125098189,41.48580898394289],[2.047014146375387,41.48585534991094],[2.0469476254619,41.48589893458333],[2.046905388720077,41.485920202154375],[2.046874195370314,41.48592354658521],[2.046828814259205,41.485914163177796],[2.046756057376137,41.48589284334455],[2.046653608580741,41.48585416344226],[2.04658919619556,41.48583561486717],[2.046565268366897,41.485833615049216],[2.046529323809013,41.48583421780367],[2.046482560229296,41.48583743304883],[2.046454933624395,41.48584260840026],[2.046435677793488,41.485848753878706],[2.046407971943355,41.4858593329546],[2.04638263509608,41.48587173313029],[2.046368064446341,41.48588512330075],[2.046354612262055,41.48590392713591],[2.046332696833129,41.48592806518693],[2.046320574417356,41.48593787272298],[2.046236377833857,41.485961494309414],[2.045791915424765,41.4860469801633],[2.045783478557095,41.486050513094824],[2.045746270084115,41.48605560877838],[2.045697071232732,41.4860615056945],[2.045561623620583,41.486067587618216],[2.045459857442247,41.486064040869884],[2.045312617750585,41.486057414383694],[2.045258826332073,41.48604976200983],[2.045177659380776,41.48603017282992],[2.045081160233057,41.48599424311832],[2.044957087329411,41.485959885827405],[2.044855995974225,41.48591040681326],[2.044834754618315,41.48588861283988],[2.044812196510526,41.48587491451556],[2.04470015401276,41.48583705393135],[2.044635861298277,41.48581039866865],[2.044536073989009,41.48575372434856],[2.044426824287706,41.48568886473635],[2.044383051676455,41.4856515710337],[2.044314391969486,41.485596055879746],[2.044230148970949,41.48554131191955],[2.044185006788736,41.48551571627723],[2.044163540756426,41.48550923275795],[2.044099089733771,41.4854933846646],[2.044049130343077,41.48546955039625],[2.043975799458126,41.48540588962528],[2.043893819989282,41.48536017155444],[2.04383326684362,41.48532363887626],[2.043788389813293,41.48528003063977],[2.0437422092009,41.48524361740431],[2.043720955192674,41.48522272385106],[2.043711664946466,41.485202830500036],[2.043697438233513,41.48519280415674],[2.04366291686471,41.485178105402944],[2.043630883618471,41.485157122203226],[2.043576200092938,41.48512874478582],[2.043531098193227,41.48510044702482],[2.043509857545409,41.48507865281126],[2.043477116816535,41.4850243365951],[2.043443324161527,41.48496010356666],[2.043405336925999,41.484855302692466],[2.043312086401029,41.48459871912525],[2.043211663745,41.48434117507687],[2.043161567911544,41.48424528070501],[2.043092547873258,41.48413301568291],[2.043056148662929,41.484083172563274],[2.043046925036577,41.48405877604839],[2.043041466724184,41.48402270134162],[2.043037338613537,41.483977630379115],[2.043032839452208,41.483957776833535],[2.043020009572685,41.48393425104275],[2.043002309487343,41.48391608912099],[2.042975001507156,41.483899648714974],[2.042930965856463,41.48388036691065],[2.042846394873773,41.4838481375075],[2.042747637478514,41.48380317971848],[2.042689335942758,41.48377657322867],[2.042626402857257,41.483739119368664],[2.042568326820596,41.48369720224487],[2.042530531700459,41.48366085832158],[2.042490447357891,41.483617289468974],[2.042450283509402,41.48357912433436],[2.042342820704813,41.48347464538482],[2.042325240287313,41.48344837776331],[2.042308923858641,41.483417617002054],[2.042294136659455,41.483364350662676],[2.042212020332472,41.483165505739805],[2.042196141711702,41.483105024437734],[2.042189163998665,41.483009488693085],[2.042187896058392,41.48293291587734],[2.042192457239067,41.482867200393244],[2.042200306323705,41.48282222913518],[2.042214302820271,41.48276650027939],[2.042265661174765,41.48261380343348],[2.042272723642983,41.482540902910706],[2.042266452819306,41.482478700150686],[2.04224582350037,41.482415477091834],[2.04220363658952,41.4823520745082],[2.042066579950215,41.482223929789804],[2.041970323250399,41.48209072036547],[2.041821884745959,41.48184088164657],[2.041772950658999,41.481747698514646],[2.041742847120697,41.48167719056554],[2.041680185158727,41.481377625241564],[2.041648433008046,41.48101256393776],[2.041634217469523,41.48092057075051],[2.041600269455857,41.48086714464334],[2.041577819928685,41.48084624072147],[2.041539841197924,41.48082250518855],[2.041508915482523,41.48080783574743],[2.041455314688668,41.48078757292899],[2.04141707057946,41.480781849798646],[2.041385919265073,41.48078249090083],[2.041365506682189,41.48078592369858],[2.04132699709955,41.48079821298036],[2.041302885461028,41.48080882079662],[2.041275114587472,41.48082390176956],[2.041254569234405,41.4808363407681],[2.041201316458296,41.480873727626836],[2.041155275889738,41.48090937312093],[2.041073120786649,41.48095732775994],[2.041030885404334,41.48097859320541],[2.040946600470586,41.48100851534129],[2.040905775116978,41.4810153807749],[2.040632305723694,41.48104102275161],[2.04057953067201,41.48104598692851],[2.040502829751917,41.481048950021005],[2.040460912997383,41.481048600330304],[2.040402335838815,41.48104090576319],[2.040334191012894,41.4810322306034],[2.040249292800876,41.48102251487274],[2.040215785992585,41.481020433804105],[2.040136809465318,41.48101527106899],[2.040106935400711,41.48101051808769],[2.040077114506814,41.48100216261173],[2.040043780511562,41.48098837341068],[2.039998709597503,41.48095827304801],[2.039942021455027,41.480903755914795],[2.039901913940097,41.48086198741953],[2.039874701085278,41.4808392419389],[2.039866477295538,41.48082836449607],[2.039858346569964,41.48081118270073],[2.039837693508848,41.48074976046593],[2.039799461827482,41.480662070226025],[2.039738887785375,41.48054627072499],[2.039694535334243,41.48046753667295],[2.039518017614068,41.48009225863926],[2.039388009208219,41.47981194571646],[2.039364269531999,41.47971626976103],[2.039339891469447,41.479663823643875],[2.039309618582756,41.47960502315401],[2.039290483238675,41.47952199589878],[2.03926755563657,41.47945244795573],[2.03924583897493,41.47938200938975],[2.039236790348326,41.47934590448903],[2.039215991985946,41.479294388977934],[2.039185972135632,41.479218476641016],[2.039164881179366,41.4791867747996],[2.039140237395751,41.47915234107479],[2.03911192105717,41.479123281060325],[2.039103631086825,41.479116906672274],[2.039063365539685,41.47908594535059],[2.039030205706119,41.47906044778114],[2.03899709912085,41.47903134771527],[2.038894120260839,41.47894852054846],[2.038858711781764,41.478913096076695],[2.038804421516749,41.47885859840819],[2.038789039285688,41.47884585959634],[2.038738089000794,41.478808503734975],[2.038662202577148,41.478756527703865],[2.038630267267789,41.47872923878738],[2.038607899295917,41.478702930566],[2.03854413529524,41.47864114772113],[2.03851585938013,41.47860938569752],[2.03843249563677,41.478496097163905],[2.038424418824783,41.47847531278072],[2.038419961363668,41.47845275719],[2.038426974344889,41.47838345937942],[2.038442130670489,41.47833044284177],[2.038447533345095,41.47828905428984],[2.038462569817034,41.478244143343844],[2.03849619546337,41.47815705334349],[2.038506268547047,41.47812381042782],[2.038509422459498,41.47807249500902],[2.038517300067968,41.47802572274276],[2.038537526028645,41.47795383317373],[2.038555117217034,41.477898134771415],[2.038554172566605,41.47788101294617],[2.038550872725729,41.47786116923423],[2.038528718062186,41.47782045104789],[2.038516050729861,41.47778611729839],[2.038503304042434,41.477676121302395],[2.038492020675295,41.477629188855126],[2.038480830508171,41.4775759520537],[2.038473898097346,41.477558780170384],[2.038465941192898,41.4775298901912],[2.03846976016814,41.4775146096541],[2.038480764474594,41.477499389184686],[2.038512646365834,41.477449214649496],[2.03853960488104,41.477408006280825],[2.038550862061601,41.477375673988135],[2.038572019108253,41.47732180685119],[2.038592816739442,41.47729225650142],[2.038660704821803,41.47723697848665],[2.038704309074377,41.477204015803636],[2.038723642887592,41.477192467859],[2.038806952510329,41.47714722670868],[2.038908358302009,41.47709312937906],[2.039009803839273,41.477036330091515],[2.039308697503249,41.476910022153724],[2.039363039210581,41.47687985110223],[2.039384222016824,41.476824182557934],[2.039375439627968,41.476770065211106],[2.039306979162803,41.476620872416795],[2.039278916539736,41.476574700619565],[2.03922021011928,41.47649494570918],[2.039141904291006,41.47644475123633],[2.038970150911773,41.47639647814817],[2.038775870863059,41.476332704079915],[2.038729353344345,41.47631970504884],[2.0386828092272,41.4763085072433],[2.038656530031855,41.476303783932586],[2.038623105568062,41.47629629869232],[2.038570573820722,41.476285050793635],[2.038521608069121,41.476275634147214],[2.038473826553344,41.47626712811337],[2.038452364145333,41.47626064355653],[2.03841788863098,41.476243241403246],[2.03840133617825,41.47622869128555],[2.038369402200611,41.476201402299175],[2.03835422037159,41.47617515410049],[2.038347301449833,41.476157081585406],[2.03833467446107,41.47612004594449],[2.038327768863814,41.476101072806145],[2.038324775382784,41.47606051477635],[2.038321435753208,41.47604337291949],[2.038313252757375,41.476029793499876],[2.03828279603619,41.47598360143971],[2.038270022659816,41.47595647263387],[2.038252565703273,41.475922098796836],[2.038244449309389,41.47590401626203],[2.0382433449852,41.475897701894226],[2.038233206356625,41.475854381914196],[2.038230877879848,41.47584985877679],[2.038209721878539,41.475822659868825],[2.038193316045382,41.47579820287913],[2.038174368707199,41.47578363270139],[2.038154370326892,41.47575914566372],[2.038113096191061,41.475715565295594],[2.037607774286711,41.475068722060634]]]},"properties":{"codiseccio":"1-18","districte":1,"nomdistricte":"Nucli Est","seccio":18,"sup":754.814,"id":14}},{"id":15,"type":"Feature","geometry":{"type":"Polygon","coordinates":[[[2.08493117368318,41.46703782902809],[2.085997063751218,41.46575609924244],[2.086909945158475,41.46452972972331],[2.087220409912208,41.463973702858645],[2.087251817304728,41.46391745319636],[2.08727742894778,41.46375501186661],[2.087349125911616,41.4633002706953],[2.087426192926118,41.46281146215781],[2.087491561707027,41.46239684516856],[2.087779746358285,41.461813587052625],[2.088059110874029,41.46124816911571],[2.08961106311293,41.45810690983937],[2.089760256722714,41.45780491409721],[2.089880387443507,41.4577218005038],[2.090282921138688,41.45749552811456],[2.090664441131108,41.45726908830237],[2.090887440099744,41.45710469032272],[2.090973715307505,41.456947129785135],[2.090976364707528,41.45675725684568],[2.090894402423999,41.456602339943544],[2.090675932852084,41.456442363454514],[2.090260228193638,41.45610676906916],[2.090104927682824,41.45593938221008],[2.090044192720976,41.45577275172283],[2.09011067321989,41.45552799686457],[2.090272159305007,41.45525234083408],[2.090296543831601,41.45519055332331],[2.090359317093073,41.45503149271213],[2.090320046413554,41.45483337096045],[2.090165022866111,41.454644638812525],[2.089956176479996,41.454548040963914],[2.089756637787422,41.45453855480654],[2.089441391615127,41.45453606159082],[2.089294494750165,41.45451907352436],[2.089190293622312,41.45445494511584],[2.089140183962849,41.4542804806864],[2.089196109703409,41.454010713279175],[2.089244852565094,41.45389273668387],[2.089316174649712,41.45372010879845],[2.089475779809275,41.453578955396225],[2.089719016839101,41.453470106124435],[2.090564213453444,41.45314764724391],[2.090807778240563,41.45301506374682],[2.091062282309177,41.45285091410402],[2.091284271879239,41.45275771972462],[2.091769287369433,41.45264286595238],[2.091864962376902,41.45256449977509],[2.091877127011878,41.45244591423772],[2.091732108951864,41.452294436601804],[2.091430473071139,41.452070510227855],[2.091368965852223,41.45195926074195],[2.091381351924344,41.451824850992054],[2.0915408496582,41.451691602308955],[2.091993142398931,41.451508447394886],[2.092131286458674,41.451398763946884],[2.092164789988963,41.451256612141016],[2.092050754027062,41.45114493972366],[2.091831968757995,41.45100870634044],[2.091717921827825,41.45089703350412],[2.09167886973352,41.450683096798286],[2.091704742721052,41.45033516481963],[2.091611828023803,41.45021575010649],[2.091278450574577,41.45000739880482],[2.091090980412112,41.44988723784286],[2.091038803626219,41.44980297244798],[2.090983878987075,41.44963819667888],[2.091007466238314,41.449559771251124],[2.09112990207047,41.44928319825863],[2.091253122269757,41.44900478527099],[2.091357649075429,41.448833344468994],[2.091411475066963,41.44875437614763],[2.091506924090691,41.44869183442875],[2.091760416925884,41.448598887644245],[2.092403676226477,41.44843780139296],[2.092867208919421,41.448354425470534],[2.09312003801996,41.448308939481485],[2.093869895089346,41.448037920637944],[2.093996870709644,41.44797561598453],[2.094093085991434,41.44785769158168],[2.094145780249837,41.44769354089828],[2.094149409300426,41.44743246269747],[2.094193526120582,41.447282476189436],[2.094373722506888,41.4471092891921],[2.094438490584914,41.44704704020395],[2.094756338404118,41.446859645886825],[2.095263421729135,41.446665829581484],[2.0956931920874,41.446513342223795],[2.095821358345749,41.44636401527894],[2.095963435769091,41.44596951661528],[2.096112180601594,41.44585200297826],[2.096228737903108,41.445781705511834],[2.096492283618278,41.44572047917969],[2.096818984112589,41.445651830237274],[2.097030321660771,41.445566458515295],[2.097199015085859,41.44537235677336],[2.097350374095512,41.44506496773089],[2.097446688592464,41.444939123701744],[2.097701265709199,41.444767051088625],[2.097913256310371,41.44463420476068],[2.098063417800827,41.44441384399336],[2.09812940610047,41.44420072311855],[2.098131814489798,41.44402667369022],[2.097936289051485,41.4437268611725],[2.097678776570735,41.44335297187508],[2.097639161428555,41.443178584033035],[2.097725948917924,41.44298146141575],[2.097886944836612,41.44273744217463],[2.098132772064022,41.44243397180433],[2.098292670637543,41.44226906452887],[2.098568241056053,41.44209715432323],[2.098961341625806,41.441783738105194],[2.09916315088498,41.4416270751391],[2.099260319300462,41.44143794104305],[2.099486532769607,41.441036187385],[2.099788265106382,41.44048786957119],[2.10003613277948,41.44003880595847],[2.100239669289219,41.43975555522043],[2.100473419636739,41.43956749644292],[2.100812109629799,41.439388156398856],[2.101340133958084,41.43919447644472],[2.101783008971795,41.439079241927644],[2.102431502688888,41.43905008965839],[2.103128494775083,41.43901858232435],[2.103422895166944,41.43901348942132],[2.103619594281723,41.43897808170923],[2.103797793577659,41.43886126465712],[2.103997741182448,41.438589463694775],[2.10418032821299,41.438420635282505],[2.104393786786097,41.43832657418824],[2.104660275206373,41.43821043359181],[2.104956384184227,41.43807975048866],[2.105154296429439,41.437955698476536],[2.105323397710201,41.437787087662834],[2.105423924508973,41.43761054865022],[2.105427168327412,41.43737415590581],[2.105296724611891,41.43687076191496],[2.105338807300419,41.43666422435523],[2.105538640291624,41.436399805783566],[2.105904412946565,41.436050979033524],[2.106173206672624,41.43576493659797],[2.106352506474541,41.435566849990174],[2.106541011614743,41.43541316010375],[2.106867343001357,41.43522360877051],[2.107282061672385,41.43502734682163],[2.107655441443818,41.43483594222328],[2.10775234365911,41.434718795000116],[2.10780827757744,41.4346163275794],[2.107830352320662,41.43443675532918],[2.107887057253612,41.43387989584036],[2.107943028081384,41.43361194404273],[2.10798094476164,41.43346942496417],[2.108378243157177,41.43284624270182],[2.108671798033843,41.43241762712546],[2.108787633995552,41.43226773940574],[2.108930088332202,41.432130956242],[2.109088978541246,41.43198691399011],[2.109145653425635,41.431906096467024],[2.109217056543784,41.43170474725606],[2.109350568836463,41.43149518632564],[2.109424632726776,41.431338174150056],[2.109550702638238,41.43120373148164],[2.10971977212145,41.43103268169012],[2.109947520313768,41.430814426946164],[2.110020741910478,41.43071896469291],[2.110170429787758,41.43053053315747],[2.110251091738001,41.43036865335159],[2.110344598283258,41.430224103975526],[2.110429644856182,41.430139938083414],[2.110548492869511,41.43005467315163],[2.110666949529957,41.42999895848511],[2.110817718782798,41.42997057863999],[2.111020515506165,41.42996229962266],[2.111484649177841,41.42996834162151],[2.112083836422502,41.42999000646972],[2.112191540138486,41.43000315025233],[2.112328290476065,41.430043594265285],[2.112627315076985,41.43017147219488],[2.113028536799785,41.430377825923465],[2.113359978895044,41.43052565096895],[2.113510011901961,41.43055143267623],[2.113660446690897,41.43054766386802],[2.113781788659125,41.430519053582366],[2.113992270200709,41.43042711332765],[2.114121483835478,41.43030006689137],[2.114165250446141,41.430190954235854],[2.114187740790279,41.42997937133638],[2.114200919470801,41.42973079527496],[2.114241451677707,41.42963507878207],[2.114321311937756,41.42953227872749],[2.114456601014024,41.42943975011155],[2.114584954512531,41.429376721415196],[2.114737500755969,41.429339756987666],[2.115251661316721,41.42927230740746],[2.115873769758032,41.42920075748915],[2.116126059508574,41.4291583690382],[2.116241097385636,41.429112476504706],[2.116379495005035,41.42903228265032],[2.116502000487657,41.42891749518334],[2.116574630040435,41.42880567564566],[2.116666454103939,41.42854292146252],[2.116775478986697,41.428216283238235],[2.116861999440613,41.42807284584438],[2.117008027994102,41.427911453579526],[2.117107249847157,41.427826040291286],[2.117281758252736,41.427733809063874],[2.117472179358395,41.42767372102173],[2.117954142709092,41.42756907295388],[2.119462117911983,41.427246764160536],[2.119806030091523,41.42719768220702],[2.119910696633706,41.427193555285726],[2.120132831343688,41.42720510728938],[2.120344800314976,41.427243657581435],[2.120533545341125,41.427306656442376],[2.120892870857129,41.427476038524084],[2.121051174406834,41.427615133198316],[2.121393146818916,41.427952604318705],[2.12149655416518,41.428042035708934],[2.121613294822241,41.42811186944679],[2.121957283008126,41.42831168392319],[2.122504390115403,41.42862464463954],[2.123051761998053,41.42891830542477],[2.123510132176679,41.429156604593736],[2.124050626013695,41.42947482371052],[2.12416223430956,41.42956853972654],[2.124372390962575,41.42974407278181],[2.124577391430222,41.4299075674622],[2.124810367390253,41.4301081954554],[2.125338155344302,41.43055386000274],[2.125581826136012,41.43075482016923],[2.126025653100241,41.43111378164761],[2.12638998670478,41.43142475532428],[2.126602443438871,41.431586838700184],[2.126440568809024,41.43168143591668],[2.126699500205657,41.43220230165375],[2.127125009206049,41.43249719788871],[2.127556671323191,41.43311534058015],[2.128087248254196,41.433387381186485],[2.12827057293222,41.43350937863979],[2.128194794377502,41.43364753843976],[2.128145442379788,41.43378426688821],[2.128150561546343,41.43384540290619],[2.128159416659438,41.43388539555134],[2.128168916700512,41.43392951834285],[2.128188050434951,41.43396698084414],[2.12828010440159,41.43410130737248],[2.128368372586894,41.43421125826969],[2.128419115068555,41.43427226696774],[2.128475814669927,41.43436969292382],[2.128559103875916,41.43450607731194],[2.12860828457168,41.43458409558694],[2.128655418653296,41.43467417622663],[2.12869689384675,41.43476435140248],[2.128724062606524,41.43484201792697],[2.128754893047894,41.434946525392355],[2.128777727702995,41.43501755517558],[2.128787911069803,41.43509026822188],[2.128798310036516,41.43514776508299],[2.128804879043072,41.435212928915604],[2.128807153842583,41.43528312401757],[2.128793224345034,41.43537655991663],[2.128776986020104,41.435452793589896],[2.128771223577181,41.435504295009444],[2.128768100051683,41.43554817809138],[2.128767666487783,41.4355806234922],[2.128777203313741,41.435626512823],[2.128789041410732,41.43568959509338],[2.128815868084837,41.43576997783965],[2.128832481547703,41.435856007701865],[2.128831563362561,41.43592472360893],[2.128822982029567,41.43599719549221],[2.128812373837138,41.43603147779775],[2.128777284883799,41.436189657837],[2.128737860212038,41.43629244145252],[2.128665359775858,41.43640261187598],[2.128608332546426,41.436493812251435],[2.128551459812535,41.43657355688403],[2.128520283119487,41.43662868102173],[2.128499199915724,41.4366877001346],[2.128491002309767,41.43673154478885],[2.128490338923283,41.43678117088231],[2.128497413794961,41.43682131603129],[2.128516991644,41.43687491507744],[2.128546790732204,41.43692286132049],[2.128589427475037,41.43695945706914],[2.128644694835442,41.436999963517344],[2.128674747600024,41.43702882568353],[2.12871712942249,41.437084506570926],[2.128771861317666,41.4371650958833],[2.1288114512963,41.43723984618164],[2.128846044038,41.437308829634944],[2.128855779088351,41.437339447295464],[2.128880764352319,41.43736827106126],[2.128913303358749,41.43740096709364],[2.128963624914208,41.437431891830826],[2.129044361241113,41.43746495708644],[2.129099680333075,41.43750164397652],[2.129150051541941,41.43752874927886],[2.129177548453639,41.4375595012667],[2.129209883674557,41.43760747228242],[2.129237049220339,41.4376630378804],[2.129273638088484,41.437772124427],[2.129288200091897,41.437821864517375],[2.129329149206194,41.43798443946777],[2.129360804170785,41.438083944534156],[2.129389455778806,41.4382177871398],[2.129403755372156,41.43828661695192],[2.129431846326157,41.43846245617267],[2.129441577511225,41.43868396907496],[2.129428841455216,41.43906757614514],[2.129413331588393,41.43927934940957],[2.129402430581612,41.43952552584164],[2.129373233978098,41.43992759048431],[2.129353739643705,41.4400697552798],[2.12937630917444,41.440148651773654],[2.129439267241375,41.44023546777324],[2.129553230023347,41.44031659103311],[2.129687269201386,41.440414601039336],[2.129805069827542,41.44052219253613],[2.129849565862109,41.44056860193982],[2.129897191301331,41.44062231355815],[2.129912847660569,41.4406563805313],[2.129921963169362,41.44069767203658],[2.129943322058034,41.44078755611005],[2.129944896434016,41.44091124506551],[2.129943601916104,41.44100823189761],[2.129946207401326,41.44105432466343],[2.129942533940596,41.4410882455428],[2.129922550565418,41.44113659455129],[2.129869796226748,41.441225919632615],[2.129800898193333,41.44131754962366],[2.129708763594182,41.44145992629766],[2.129662842591198,41.441520203607496],[2.129619849040384,41.44160232377923],[2.129593355071906,41.44165547511976],[2.129563776320737,41.44169890104888],[2.129521430092813,41.441732529503994],[2.129504899396212,41.44176393079777],[2.129494255991707,41.44183659920955],[2.129487195326271,41.44188261888765],[2.129496154903319,41.44193603712815],[2.129565682607342,41.442038409899965],[2.129689606117495,41.442170296645834],[2.129904943593445,41.442455644776054],[2.129933104520352,41.44251890556743],[2.129945380594443,41.44256507140833],[2.129953491492227,41.44268153114883],[2.129948751367652,41.4427954702624],[2.129943740440067,41.44302961608967],[2.12984745051714,41.44311862931289],[2.129725590211403,41.44319871645679],[2.129651306853002,41.443255455625106],[2.129582438749446,41.443300377412335],[2.129550068449695,41.443312837577594],[2.129497916868569,41.443337281280186],[2.129228493178284,41.44345576757005],[2.129054279088612,41.443523604214306],[2.128953761005195,41.44357816731839],[2.128876962026784,41.44362698203053],[2.128784299219172,41.44368358245538],[2.128625519165768,41.44377524819147],[2.128501213715088,41.443841483714394],[2.128413957556894,41.4438862655917],[2.128334821104712,41.44391332732535],[2.12828199173018,41.4439366402533],[2.128255414290867,41.443960151047776],[2.128215346944327,41.444011216978005],[2.128185935461038,41.444050514324],[2.128145782746133,41.4441075064676],[2.128097699780308,41.44416839279437],[2.12804184868844,41.444221320752305],[2.127967590359014,41.444276080977076],[2.127911950609083,41.44431319883969],[2.127840291769752,41.444369956703085],[2.127789924632184,41.44440514092439],[2.127747363830297,41.44444631115511],[2.12768880199646,41.444505140780144],[2.127638337283184,41.44454822730789],[2.127516550903094,41.44462238755716],[2.127344900401475,41.44469419437482],[2.127244702558799,41.44472504635417],[2.127123285837781,41.444771546289516],[2.126830698596749,41.44485428907287],[2.12670686809224,41.44488496583505],[2.126609216450235,41.44492176255656],[2.126529727752077,41.44497451133667],[2.126479254777998,41.44501759368415],[2.126431150264195,41.445080456265664],[2.126388447339781,41.44513150695002],[2.126337981283476,41.44517459288939],[2.126282469848535,41.44520183338949],[2.126213828547395,41.445228974205975],[2.126126727889976,41.44526190174327],[2.126037164675029,41.4452829558515],[2.125963433375583,41.44529819960557],[2.125868482715883,41.44532909562189],[2.125797272724629,41.44535226242603],[2.125733885878885,41.44537944285544],[2.125638882023737,41.44541428713092],[2.125575521515708,41.44543949504736],[2.125527886980974,41.445466795011086],[2.125482748502809,41.44550399055343],[2.125442884083159,41.44553925351889],[2.1253896812108,41.44559022315841],[2.125354986003461,41.44563145224768],[2.125293536763833,41.44571001647425],[2.125220207235445,41.445825973178486],[2.125166996588399,41.44594220751123],[2.125150474961052,41.445999378158774],[2.125130876170063,41.44609011859175],[2.125109071802185,41.446149230717324],[2.125084620658114,41.4462102953477],[2.12504430470127,41.44627914340631],[2.124996297982074,41.44633410210144],[2.124945641979564,41.44639101776684],[2.124884477302645,41.44644785262472],[2.124839443874406,41.44647714649567],[2.124786585853326,41.44650243290984],[2.124715421242195,41.44652165052827],[2.124559971425795,41.44655998315463],[2.124496611842523,41.446585185971756],[2.124417469288737,41.446612246742106],[2.124348799170847,41.44664136334334],[2.124285330851312,41.44667446832563],[2.124204468972454,41.44674357961514],[2.124142636902511,41.44681828962262],[2.124098495259242,41.44687025985649],[2.124001431185709,41.446980664733985],[2.12392231286653,41.44704870729657],[2.123838717288534,41.4471265266078],[2.12378560231577,41.44717352748669],[2.123733417583574,41.44720787549518],[2.123676492115361,41.44723643345346],[2.123580430607465,41.447271658880005],[2.123493199646551,41.447297148687866],[2.123392975742676,41.447319268898966],[2.123327501661723,41.44734164825341],[2.123240269313866,41.44736713785812],[2.123157200273198,41.44740573157257],[2.123065314718323,41.44745406444183],[2.123003790846514,41.44750590183521],[2.12292910287779,41.447567438971376],[2.122849894707723,41.447642020386446],[2.122792588561173,41.447703694374496],[2.122752651339291,41.44776550069085],[2.122712325245638,41.44785672225218],[2.122658828872739,41.44795764799889],[2.122622795399274,41.44805217193214],[2.12253430149214,41.44825715477305],[2.122454360843181,41.44839448048352],[2.122423364942444,41.448427454542006],[2.122382182150317,41.44846034732902],[2.122310548949405,41.44848534533741],[2.122177637719171,41.448522649468124],[2.122072226791655,41.44853461814179],[2.121926183387387,41.44853861149057],[2.121786864363865,41.44854776766071],[2.12165415453679,41.44856974210075],[2.121517953567461,41.448599360461024],[2.121350817740773,41.448656834878975],[2.121217770294992,41.44870435126611],[2.121104985993792,41.44875968841375],[2.120988738925345,41.448820108915314],[2.120903350690472,41.44885777442846],[2.120817691502816,41.448915871128435],[2.120769439770934,41.44896914626851],[2.120738334677874,41.44900977443465],[2.120710488852703,41.449060652703366],[2.120686210192698,41.449098784797876],[2.120637923773093,41.4491546123168],[2.120620395527923,41.44919535046381],[2.120595876702052,41.44925136042033],[2.12058055890159,41.44930181761217],[2.120574095438643,41.44935592322946],[2.120556432805447,41.449406878348505],[2.120531980367161,41.44945778159273],[2.120490410801333,41.449518768463896],[2.120421553658939,41.4495897657386],[2.120363153263787,41.449640409556025],[2.120294324336919,41.44970885336644],[2.120232357669919,41.44977223787133],[2.120180743186147,41.44982293345348],[2.120135889950848,41.44987623429056],[2.120084069578436,41.44994225436727],[2.12003900325677,41.450010879648985],[2.120004196608505,41.45007447163378],[2.119979532935957,41.45014069925068],[2.119958233259447,41.45020950527877],[2.119947257484308,41.45026817401949],[2.119943098892534,41.450324338571576],[2.119935346758458,41.45039580266278],[2.119930916925535,41.45047240385758],[2.11992662627732,41.45053878720664],[2.119922197679383,41.450615383904946],[2.119917866539669,41.45068432054359],[2.119930103421566,41.45078403516424],[2.119945455688235,41.45090421321616],[2.119967770498965,41.4510116665767],[2.119963340649665,41.45108826776459],[2.119975714452206,41.451177765413846],[2.119971458286595,41.45124159451862],[2.119983824943164,41.4513310921101],[2.119979432023169,41.451405135472186],[2.119988653487404,41.451476733811404],[2.119984121355428,41.45156099591523],[2.119979478575296,41.451652917974116],[2.119965779058475,41.45172341645388],[2.119945143874317,41.45180761794948],[2.11988329774891,41.4519868115511],[2.119826218483591,41.452190730742885],[2.119797785223846,41.4522850271845],[2.119762730711325,41.452366502284384],[2.119741050539485,41.452463399442465],[2.11970527120075,41.45259851260112],[2.119680990588269,41.45263664534206],[2.119653446983236,41.4526645324179],[2.119612089926959,41.45271019535269],[2.119546621078879,41.45278121706766],[2.11949476204866,41.45284979014431],[2.119449768042181,41.45291330850803],[2.119442111419684,41.4529771070585],[2.119424376599117,41.453033173119806],[2.119420257868386,41.45308678162769],[2.119416139081383,41.45314039373731],[2.119401591037889,41.453211804869994],[2.119348978000191,41.45333657022193],[2.119337617727315,41.453423337238284],[2.119343542500859,41.453487240576294],[2.119366413006058,41.45355383165184],[2.119405668654063,41.453663972771594],[2.119438308003793,41.45376129076334],[2.119494400260755,41.45388177503564],[2.119546891650244,41.45401756234351],[2.119606481760862,41.45413041251085],[2.119642412010839,41.45423542090889],[2.119685613501898,41.45430471558957],[2.119721716506978,41.454396953680835],[2.119767903981738,41.454496928768364],[2.119786932895309,41.45455423436593],[2.119804371404216,41.45462025777685],[2.119831479175037,41.4547246627095],[2.119866233476565,41.45486589792736],[2.119928772979755,41.45506097744565],[2.119944198456016,41.455125453280786],[2.119951578263337,41.45518220680753],[2.119954412906869,41.45527416705644],[2.119949177563459,41.45535993607092],[2.119933139295515,41.45549159268319],[2.11992564705148,41.45559419729212],[2.119906304009061,41.45566913512933],[2.119878918828178,41.45573634527456],[2.119839659797295,41.45577741611613],[2.119782037550229,41.45582141355396],[2.119700010107555,41.45586215731493],[2.119601798339394,41.45589511644412],[2.119483305079229,41.45592179532364],[2.11927268468568,41.45598300623004],[2.119143797120364,41.45602492682574],[2.118951317401578,41.456100066285146],[2.118811982677877,41.45616182641951],[2.118685044454133,41.45620988645405],[2.118586751135723,41.456248973625364],[2.118488600383407,41.45627733849116],[2.11839460180811,41.45629960103137],[2.118334294651522,41.45632380052171],[2.118299728668751,41.456341980233525],[2.118279851216514,41.4563614992503],[2.11826479432242,41.456387199136515],[2.118256091021792,41.4564264768052],[2.118255442159717,41.45647441913753],[2.118264208189157,41.45654507188801],[2.118266818534262,41.4566339679172],[2.118269344115121,41.45672859650705],[2.118268180211885,41.45681459386617],[2.118263249126453,41.45689769981682],[2.118246767163712,41.45698931395302],[2.118226976412958,41.45704363461766],[2.118191479533623,41.45713223873503],[2.118160022539429,41.457203669651776],[2.118120635952918,41.457297977157715],[2.118096804989817,41.45736947098039],[2.118034989877852,41.45757219083695],[2.117999901085814,41.45768791929468],[2.117992138421546,41.45776603053922],[2.117994297034082,41.457854306087455],[2.118006750133653,41.45792500600644],[2.118025594461481,41.4580184535386],[2.118034423454301,41.45810930226088],[2.118036852863543,41.45817740330325],[2.118036033593051,41.458237917742906],[2.118025295356736,41.45828826699772],[2.118004362551852,41.458348629130704],[2.117987128220121,41.458383796177735],[2.117956978464143,41.45843245732582],[2.117884939812058,41.458504054583756],[2.117796906564177,41.458568939404735],[2.117688933841306,41.458621067276326],[2.117540467665505,41.45869306030294],[2.117395353482268,41.45876507523369],[2.117317716595852,41.45880482768673],[2.117233245606064,41.458854612361414],[2.117168942135309,41.4588995075013],[2.117121441272087,41.45894201390807],[2.117097428582709,41.458982173872506],[2.117069659469949,41.45905256537272],[2.117047911330687,41.459173439070355],[2.117025917896734,41.45931196177563],[2.116993291231985,41.45949327001234],[2.116971099700615,41.45964691910271],[2.11695317602737,41.45973251761521],[2.11692879286112,41.45980041837868],[2.11690820042686,41.45983556039261],[2.116878170990771,41.4598694950725],[2.116816849775331,41.45989790232655],[2.116742940749718,41.45990994650564],[2.116649155917695,41.45990418271873],[2.116538689839895,41.459893246690704],[2.116428319185589,41.45987474867917],[2.116334535633811,41.45986898464568],[2.116250607393865,41.45987842862357],[2.11617666414988,41.45989298884229],[2.116115917694878,41.45992278277009],[2.116071768982366,41.45996530996815],[2.116047582972819,41.46001807782695],[2.116023368663687,41.4600733693352],[2.11598564469343,41.46013612240225],[2.115951306007372,41.46019638028453],[2.115893398242216,41.4602640170465],[2.115865695644008,41.46032937001028],[2.115840865084714,41.460430043207204],[2.115826155122269,41.4605257553962],[2.115824683483187,41.460634175114585],[2.115826805026107,41.46072496703559],[2.115842607364867,41.46079569828003],[2.115871952639981,41.460856439853245],[2.115914979982553,41.46089711894355],[2.115961422223197,41.46093278010241],[2.115997914827443,41.46096079862336],[2.116030887620615,41.46100139595227],[2.116053668804115,41.46105200329238],[2.116076104283936,41.461127824173595],[2.116081850998587,41.461198478165755],[2.116064259261369,41.46132346839664],[2.116071423639164,41.46149957292447],[2.11609856351168,41.46161116225065],[2.116173760795996,41.46170156136525],[2.116214929185633,41.461766870294426],[2.116224437928431,41.46180728741333],[2.116263869455025,41.461865588748395],[2.116316476081325,41.46194164570264],[2.116345821101492,41.46200238714324],[2.116358751966057,41.462037789982176],[2.116374331285467,41.462088041120055],[2.116378643141753,41.4621254720134],[2.116373331182933,41.46215690847271],[2.11635535769252,41.46219663722303],[2.11633600342697,41.462231785019576],[2.116322385366932,41.462262479456584],[2.116307307660374,41.462312208790244],[2.116297422126011,41.462357568918435],[2.116286481304177,41.46242304973589],[2.116295882749427,41.46247103223047],[2.116324926051184,41.462554469983544],[2.116354066074673,41.46263034226143],[2.116366649010878,41.46269095952001],[2.116362166541832,41.46277413990147],[2.116350611206931,41.46288500425032],[2.11630689819368,41.46314187474507],[2.116306188407848,41.46317521465873],[2.116314786595554,41.46322592472258],[2.116339325673073,41.46329946028709],[2.116375565280003,41.46336609592714],[2.116400369819297,41.46342042525381],[2.116457379653943,41.46349595296371],[2.116519088576589,41.463568026346444],[2.116601021915301,41.4636891515256],[2.116664645404494,41.4637909287812],[2.11672154344972,41.46387518726311],[2.11679727273116,41.46394038284344],[2.116921343213223,41.46403563759279],[2.117031660752531,41.46411855918338],[2.117137350533039,41.46419970224426],[2.117224807172053,41.46425625482111],[2.117266186033283,41.46428626050106],[2.117298119898726,41.46432841676778],[2.11731614640541,41.464368718949466],[2.11733140042824,41.464442183092224],[2.117337493393806,41.464506844321875],[2.117355806041981,41.464568706265055],[2.117386832838103,41.464634699722005],[2.117412186646198,41.46470729814321],[2.117442265505438,41.464827220825036],[2.117468938814391,41.46491474295621],[2.117495635868417,41.4650005178284],[2.117510913904824,41.46507223469091],[2.117521482450583,41.46514915324259],[2.117536309842811,41.46525404536065],[2.117542332112368,41.46532394382539],[2.11754126743983,41.46540252062253],[2.117542377675035,41.46549159418776],[2.117539209032467,41.465554437861734],[2.117545083367068,41.46563481438396],[2.117557920453905,41.465715240678854],[2.117572920784918,41.46580791198408],[2.117594333722496,41.46594079908622],[2.117607224196088,41.46601773541841],[2.117611462505501,41.46604828943938],[2.11761805201098,41.46607544768358],[2.117638814718869,41.46614143732824],[2.117639787308791,41.46616590434309],[2.117633101220341,41.466179548823604],[2.117623875898107,41.46618828282817],[2.117608175300765,41.46619501259205],[2.1175873046289,41.46619974361452],[2.117553465368414,41.466201444211315],[2.117504160639942,41.46619225610005],[2.117450255586693,41.466171695766384],[2.11741951800401,41.46616298618082],[2.117315342961097,41.46614123170924],[2.117194931314587,41.46611760609017],[2.117030444135087,41.46609189663368],[2.116949237704869,41.46608777973332],[2.11685413545989,41.46608181233486],[2.116717263801664,41.46607377691997],[2.116608228964376,41.46606770240748],[2.116494668004342,41.46605285949003],[2.116281661259384,41.46600930942565],[2.116179945920509,41.46597709721894],[2.116045901175561,41.46593240913481],[2.11593728732622,41.465894902339826],[2.11585781467377,41.465875651162946],[2.115798524779099,41.46585541913256],[2.115736394147262,41.46583768011167],[2.115678694695796,41.465829611202146],[2.115609851435448,41.465831415213316],[2.115532332552165,41.46584140328952],[2.115334898261576,41.465875159026716],[2.115135146787325,41.46590713927062],[2.115041045263486,41.465929345065],[2.114982116455294,41.46595182031107],[2.114859930515602,41.465970282735185],[2.114598488992503,41.46602784242746],[2.114368892225871,41.46605122390797],[2.114177949147101,41.466042572182836],[2.113998119156616,41.46591902999619],[2.113956013351724,41.465854032865295],[2.113904358563465,41.4657889667161],[2.113833350738859,41.465741713186205],[2.113641005704506,41.46566544754064],[2.113493790732801,41.46563511643107],[2.113391719657704,41.4656290925012],[2.11328491013087,41.465630017207936],[2.113187362432754,41.4656327560987],[2.113038459321693,41.46565605939516],[2.112935841272341,41.465690194782105],[2.112847174689697,41.46572268926836],[2.112754806426741,41.465751238742655],[2.112667547867131,41.465787604508016],[2.112603689156195,41.46582768149736],[2.112433284764627,41.4659427800567],[2.112328894626604,41.4660319309569],[2.112241298884156,41.46609298754334],[2.112194114070811,41.46611379098634],[2.11202682573243,41.46617247179066],[2.111951479687369,41.46619481883353],[2.111908988417643,41.466215658368704],[2.11182119962631,41.46629082321103],[2.111797436288784,41.46631357265427],[2.111752551140412,41.46633792005027],[2.111630920651502,41.466372605625224],[2.111528576118985,41.46642614286526],[2.111436843548393,41.46644660304538],[2.111279832042742,41.466474732474445],[2.111188696435192,41.466502771374884],[2.111095271101679,41.46656037817588],[2.111056866449943,41.46662534370109],[2.11084620826007,41.466748032089676],[2.110611192362702,41.46681807198641],[2.110277368175387,41.4668680241743],[2.109909016125145,41.466916446472176],[2.109685163357038,41.46695160052507],[2.10950428831797,41.46698375029579],[2.10937487139438,41.46701626010634],[2.109106746065527,41.46707415729842],[2.108780632687482,41.46713933144366],[2.108662239303797,41.4671694893011],[2.108454745921648,41.467252548193045],[2.108235573094413,41.46733198443139],[2.108127089816056,41.46737700593015],[2.108032887241619,41.46740626067423],[2.107862979316466,41.46748431249143],[2.107780233189152,41.46753305862044],[2.107697541250409,41.467578277818745],[2.107567469663349,41.46765840794422],[2.107491709486978,41.46771073531584],[2.107422964530676,41.46776488158077],[2.107359097148698,41.46780495106191],[2.107295331086211,41.46783797301697],[2.107184596168118,41.467875917973124],[2.107000955022148,41.46792917275369],[2.106725215762293,41.46802933458856],[2.106588366341149,41.468090004595595],[2.106467941456835,41.46815080644007],[2.106394598173739,41.46819785910575],[2.106325943842978,41.468244948128266],[2.106283207443159,41.46828342011806],[2.106240369355236,41.4683289485845],[2.106207616070053,41.4683649390627],[2.106184082379475,41.46841604074482],[2.106160882762209,41.46848127669412],[2.106139730941929,41.46855994503245],[2.106113481202134,41.46868554365937],[2.106098581782194,41.46879613225279],[2.106072519700996,41.469110787302824],[2.106079646017695,41.46968832370155],[2.106074081622964,41.46976879293737],[2.106048353616736,41.46985581607402],[2.10602320242185,41.469900906233065],[2.10595524812401,41.46997753924717],[2.105822263350336,41.470080496440296],[2.105673525172956,41.470193401329084],[2.105474972746633,41.47036126924449],[2.105378027098595,41.470437673002614],[2.10523618252188,41.4705355345299],[2.105112300863276,41.47062514516145],[2.105031124565008,41.47068993100447],[2.105001512974888,41.47073498895342],[2.104978592717127,41.47078009982426],[2.104955298843049,41.47085204075813],[2.104936102511014,41.470950855528876],[2.104910581186625,41.47102278363449],[2.104889498520071,41.471096421622086],[2.104870623588104,41.47117175664896],[2.104813376965704,41.4712803367251],[2.104781330182593,41.47134046843107],[2.104733556604227,41.47140886817925],[2.104663573521771,41.47147038466081],[2.104548097006678,41.47159696325692],[2.10422431563896,41.471730473356],[2.104486022115533,41.47204043130157],[2.104677600025111,41.47215956241229],[2.104661530159425,41.472597060660796],[2.104343009222577,41.47279748721862],[2.103626983918685,41.47308445940248],[2.103112438447746,41.47322414136528],[2.102748425596203,41.47330231583415],[2.102567852062023,41.473329741604864],[2.101964838222494,41.47368187905193],[2.101655753700959,41.47407191381221],[2.100984803020943,41.47475712173635],[2.100622198292942,41.47511142670915],[2.100313879068024,41.475386930532665],[2.10027170437677,41.47542684163481],[2.100058020129198,41.475318861759945],[2.09964135209851,41.475040824515354],[2.099234954268042,41.47466044334233],[2.098814509403709,41.47430712597314],[2.098490304694847,41.47398371771395],[2.098184836789753,41.473704222138785],[2.097887422557672,41.47326460179626],[2.097535626427013,41.4732536834377],[2.097557956766591,41.4731124777432],[2.097574923761337,41.47292837398837],[2.097548165489506,41.47272531079636],[2.097474426236289,41.472528899301466],[2.09707508296374,41.471931131359575],[2.096687769711469,41.4713548401746],[2.09609717322286,41.47047605782302],[2.095480495737608,41.46956527429611],[2.094845192395014,41.469775451395485],[2.093757127132946,41.47006133477858],[2.092415323065758,41.47018666028959],[2.091612198667473,41.47013586974852],[2.09036939885601,41.47005726241375],[2.088381209373694,41.469897429965066],[2.087556941766333,41.469831156011296],[2.087129735215036,41.4697247125689],[2.087173801049135,41.46966838724796],[2.087217866806354,41.469612061908904],[2.087298230410529,41.469536685129825],[2.087431671942299,41.46947530157638],[2.087609284100604,41.46944502280305],[2.087781666210019,41.46943427354754],[2.087908125856603,41.4694828706841],[2.088552006692202,41.46866126084868],[2.08493117368318,41.46703782902809]]]},"properties":{"codiseccio":"1-12","districte":1,"nomdistricte":"Nucli Est","seccio":12,"sup":1026.271,"id":15}},{"id":16,"type":"Feature","geometry":{"type":"Polygon","coordinates":[[[2.086004897880184,41.48338445692738],[2.086208970868093,41.4832281811485],[2.086262994539094,41.483192011278824],[2.08632290439995,41.48316264088361],[2.086322906817531,41.483162636559484],[2.086404677570311,41.483134750356044],[2.086649400956988,41.48315448210957],[2.086752408063072,41.48314457170899],[2.087074902207445,41.483243103412846],[2.087763133584748,41.483083014072605],[2.088453315014931,41.48265258936657],[2.088442238616899,41.48233334410664],[2.088401861706972,41.48225375060777],[2.088450401794162,41.48202243888603],[2.088450394897121,41.48202244348952],[2.088451192050105,41.48200285717899],[2.088451192229336,41.482002852773654],[2.088452708670401,41.48198040216315],[2.088454665451224,41.48197160937336],[2.088451322228938,41.48195895060876],[2.088446995361175,41.48194635091476],[2.088446673620055,41.48193090990219],[2.088445442886993,41.481915594819675],[2.088441630920379,41.48190560519787],[2.088437548040656,41.481895666924835],[2.088429359517061,41.48187340643146],[2.088422046049018,41.48185098180824],[2.088395582524467,41.48175713962211],[2.088395576307771,41.48175712550436],[2.088380939491595,41.481709166734916],[2.088380931407114,41.48170913934653],[2.088366124237023,41.481669002207255],[2.088346168155343,41.48163016525341],[2.088324523158731,41.48159696864032],[2.088302976244325,41.48156373912161],[2.088302982620656,41.48156373372397],[2.088292231614063,41.48154554437822],[2.088269011234091,41.48148053790768],[2.088264986023871,41.48146880736518],[2.088261009816953,41.4814570591662],[2.088260410791579,41.481435254468444],[2.088264945863648,41.48141339782995],[2.088274182648515,41.48138034264265],[2.088285239542871,41.48134757247894],[2.088297182016421,41.48130884214644],[2.088315429536386,41.48127198501876],[2.088340630777043,41.48123777653535],[2.088365831990978,41.481203568045956],[2.088365823371869,41.481203572829166],[2.088373719472795,41.4811957680141],[2.088373723227479,41.48119576430267],[2.088381620017911,41.481187957292015],[2.088402062286732,41.48115618813744],[2.088417699145932,41.48112229194701],[2.088430140204898,41.481100445995665],[2.088444239052633,41.48107923686397],[2.088452991777028,41.481070512288056],[2.088461878978596,41.48106184866534],[2.088467253388074,41.48105311210263],[2.088473156585763,41.48104464970855],[2.088483481262125,41.4810377075957],[2.088495772514623,41.481032545878335],[2.088514669528272,41.481025718685245],[2.088534100330632,41.4810198281971],[2.088558241439434,41.4810135109747],[2.088582472800841,41.48100739245379],[2.088599082102836,41.481003279566806],[2.088615806606179,41.48099945105817],[2.088632104597515,41.48099707307836],[2.08864836292931,41.48099459215802],[2.088661615160876,41.480991608062915],[2.088674864321232,41.480988619216696],[2.088674873204559,41.48098861383387],[2.089379087906555,41.48103164902962],[2.089509483526865,41.4809395895703],[2.089521227044487,41.480758526525456],[2.089689380727221,41.480612991612055],[2.089775274223013,41.48039958405201],[2.089821493381856,41.480332943822646],[2.08992527113441,41.48014419558646],[2.089976196152788,41.4801121411687],[2.090529907446337,41.48051290519887],[2.091822850847767,41.4811162311689],[2.091582952895719,41.481351584817354],[2.091522790171058,41.48189480045501],[2.091623407434966,41.48191341045636],[2.0921369195557,41.48214900366297],[2.091357319491454,41.48262535302859],[2.090210362445069,41.48362207263976],[2.0887361886716,41.484580027878],[2.088188653839221,41.4843579706175],[2.086460009288133,41.483579415514335],[2.086004897880184,41.48338445692738]]]},"properties":{"codiseccio":"1-20","districte":1,"nomdistricte":"Nucli Est","seccio":20,"sup":10.718,"id":16}},{"id":17,"type":"Feature","geometry":{"type":"Polygon","coordinates":[[[2.076840835862466,41.48069593587407],[2.076951663801902,41.47981006125796],[2.076987586646373,41.479522915633986],[2.077288774953727,41.47913537541031],[2.078149186883909,41.478514145533524],[2.078579386689351,41.47820352809285],[2.078928566218843,41.47810930355721],[2.079551185582512,41.47793737080853],[2.080173063221468,41.47781769865088],[2.080836740132259,41.47776670988114],[2.082304124820566,41.47903958972083],[2.080651915768057,41.48017273754363],[2.07994117694867,41.48111585192374],[2.078652226744583,41.48088922107149],[2.076840835862466,41.48069593587407]]]},"properties":{"codiseccio":"1-23","districte":1,"nomdistricte":"Nucli Est","seccio":23,"sup":10.613,"id":17}},{"id":18,"type":"Feature","geometry":{"type":"Polygon","coordinates":[[[2.082959825329871,41.47465612984815],[2.083882828489793,41.47350641735279],[2.084165442797269,41.47297717008341],[2.083358498015458,41.47254743103526],[2.083580664970084,41.472314024705206],[2.084361824076311,41.4708891223994],[2.085054955507893,41.47115299912921],[2.085564627857792,41.47149238151498],[2.085525505787353,41.471836001155424],[2.085704052764321,41.47214695692196],[2.085870929096346,41.47247501623364],[2.086007165170089,41.47254302724524],[2.085383649852126,41.47321593865113],[2.085768016620115,41.47330078097291],[2.086092969879683,41.473392585631316],[2.086588363261125,41.47360938572333],[2.086522267141099,41.4740137255362],[2.086473516967637,41.47435623392468],[2.086446338307165,41.474434478187185],[2.086322263432062,41.47492861624824],[2.086311730250152,41.47496444933177],[2.086190007465846,41.475378537937715],[2.086019489845645,41.47578617953349],[2.085848646755537,41.4761377331419],[2.085638828989747,41.47647355088412],[2.083739075151966,41.475727556172764],[2.083391719711307,41.475591151529436],[2.082824490616227,41.475384094850156],[2.083041210894955,41.475094204237855],[2.083283273454211,41.47478099750888],[2.082959825329871,41.47465612984815]]]},"properties":{"codiseccio":"1-2","districte":1,"nomdistricte":"Nucli Est","seccio":2,"sup":11.198,"id":18}},{"id":19,"type":"Feature","geometry":{"type":"Polygon","coordinates":[[[2.084212451527541,41.482608963273016],[2.084627953633432,41.48211326414378],[2.084871638437614,41.48197217595729],[2.084718126512415,41.481838853253294],[2.083905137120834,41.48113498810383],[2.084459453292127,41.480772915931986],[2.085625512461305,41.48001123899059],[2.086553825359226,41.480814927926026],[2.088745576268877,41.479383169026065],[2.089467063919312,41.47943689154575],[2.089700189354762,41.479685867617576],[2.089976196152788,41.4801121411687],[2.08992527113441,41.48014419558646],[2.089821493381856,41.480332943822646],[2.089775274223013,41.48039958405201],[2.089689380727221,41.480612991612055],[2.089521227044487,41.480758526525456],[2.089509483526865,41.4809395895703],[2.089379087906555,41.48103164902962],[2.088674873204559,41.48098861383387],[2.088674864321232,41.480988619216696],[2.088661615160876,41.480991608062915],[2.08864836292931,41.48099459215802],[2.088632104597515,41.48099707307836],[2.088615806606179,41.48099945105817],[2.088599082102836,41.481003279566806],[2.088582472800841,41.48100739245379],[2.088558241439434,41.4810135109747],[2.088534100330632,41.4810198281971],[2.088514669528272,41.481025718685245],[2.088495772514623,41.481032545878335],[2.088483481262125,41.4810377075957],[2.088473156585763,41.48104464970855],[2.088467253388074,41.48105311210263],[2.088461878978596,41.48106184866534],[2.088452991777028,41.481070512288056],[2.088444239052633,41.48107923686397],[2.088430140204898,41.481100445995665],[2.088417699145932,41.48112229194701],[2.088402062286732,41.48115618813744],[2.088381620017911,41.481187957292015],[2.088373723227479,41.48119576430267],[2.088373719472795,41.4811957680141],[2.088365823371869,41.481203572829166],[2.088365831990978,41.481203568045956],[2.088340630777043,41.48123777653535],[2.088315429536386,41.48127198501876],[2.088297182016421,41.48130884214644],[2.088285239542871,41.48134757247894],[2.088274182648515,41.48138034264265],[2.088264945863648,41.48141339782995],[2.088260410791579,41.481435254468444],[2.088261009816953,41.4814570591662],[2.088264986023871,41.48146880736518],[2.088269011234091,41.48148053790768],[2.088292231614063,41.48154554437822],[2.088302982620656,41.48156373372397],[2.088302976244325,41.48156373912161],[2.088324523158731,41.48159696864032],[2.088346168155343,41.48163016525341],[2.088366124237023,41.481669002207255],[2.088380931407114,41.48170913934653],[2.088380939491595,41.481709166734916],[2.088395576307771,41.48175712550436],[2.088395582524467,41.48175713962211],[2.088422046049018,41.48185098180824],[2.088429359517061,41.48187340643146],[2.088437548040656,41.481895666924835],[2.088441630920379,41.48190560519787],[2.088445442886993,41.481915594819675],[2.088446673620055,41.48193090990219],[2.088446995361175,41.48194635091476],[2.088451322228938,41.48195895060876],[2.088454665451224,41.48197160937336],[2.088452708670401,41.48198040216315],[2.088451192229336,41.482002852773654],[2.088451192050105,41.48200285717899],[2.088450394897121,41.48202244348952],[2.088450401794162,41.48202243888603],[2.088401861706972,41.48225375060777],[2.088442238616899,41.48233334410664],[2.088453315014931,41.48265258936657],[2.087763133584748,41.483083014072605],[2.087074902207445,41.483243103412846],[2.086752408063072,41.48314457170899],[2.086649400956988,41.48315448210957],[2.086404677570311,41.483134750356044],[2.086322906817531,41.483162636559484],[2.08632290439995,41.48316264088361],[2.086262994539094,41.483192011278824],[2.086208970868093,41.4832281811485],[2.086004897880184,41.48338445692738],[2.084212451527541,41.482608963273016]]]},"properties":{"codiseccio":"1-16","districte":1,"nomdistricte":"Nucli Est","seccio":16,"sup":12.172,"id":19}},{"id":20,"type":"Feature","geometry":{"type":"Polygon","coordinates":[[[2.068741465744641,41.47552045466298],[2.073721520152154,41.47395936805899],[2.074193146835051,41.47458813692926],[2.074924744483676,41.475241582959825],[2.075436898972157,41.47570561465514],[2.075017359031803,41.476035626758794],[2.073920326651149,41.47657317375747],[2.072806814624307,41.47706062264904],[2.071695951982305,41.477571924516816],[2.071613737576615,41.477595898308664],[2.070995479939833,41.477776180307266],[2.070026114168769,41.47796469980729],[2.069294165790137,41.47811768799418],[2.069104903441472,41.47815724578443],[2.069192357790793,41.476898529078014],[2.069157767965128,41.47628709123788],[2.068741465744641,41.47552045466298]]]},"properties":{"codiseccio":"2-10","districte":2,"nomdistricte":"Nucli Oest","seccio":10,"sup":14.412,"id":20}},{"id":21,"type":"Feature","geometry":{"type":"Polygon","coordinates":[[[2.069984696300021,41.46881596705232],[2.070185588679599,41.46616547442085],[2.071213498802462,41.46623289060716],[2.072133880697086,41.46626559256672],[2.07275869446105,41.46628579494588],[2.073650939292369,41.465934017003335],[2.074419223658341,41.46626376894691],[2.074645646176521,41.466412207745336],[2.074768313276541,41.46676710009012],[2.075068423633104,41.46740654326102],[2.075661103830415,41.46827079074591],[2.076263389143606,41.468932880093504],[2.0766150387344,41.46923609676977],[2.076932135228552,41.4694874577751],[2.076667376257879,41.46955094296817],[2.076200451617815,41.46953654956237],[2.075557196576528,41.4694585049163],[2.072441608220789,41.46908044432948],[2.070420518806747,41.468861848544066],[2.069984696300021,41.46881596705232]]]},"properties":{"codiseccio":"2-12","districte":2,"nomdistricte":"Nucli Oest","seccio":12,"sup":14.754,"id":21}},{"id":22,"type":"Feature","geometry":{"type":"Polygon","coordinates":[[[2.04051286519931,41.467308290288955],[2.040524877752339,41.46733708468191],[2.040565521786306,41.46732103495085],[2.040580623640793,41.46735155913954],[2.040598206355456,41.467377384849485],[2.040604813213858,41.467387275571575],[2.040648880715419,41.46744630391271],[2.040763814326243,41.46755159870081],[2.04088715383104,41.46764774204856],[2.04102824449194,41.46755889178335],[2.04090856457298,41.46744560324616],[2.041119848831638,41.46732333112823],[2.041214117028083,41.46727062864335],[2.041298526373577,41.467353838932915],[2.041467619502809,41.467256787759645],[2.041686951719462,41.46713180846226],[2.041750021473994,41.467055955460985],[2.04191469792615,41.4671324253713],[2.041992613252478,41.46703765891946],[2.042121673331802,41.466881068175155],[2.042155241935026,41.46684467397722],[2.042294656178439,41.46692160857677],[2.04233995210813,41.46694481011053],[2.042355069532086,41.466923309212724],[2.042523008821673,41.466735957074214],[2.042586946966115,41.46666330363186],[2.042840098754865,41.466789594055534],[2.042870927190021,41.46675343364829],[2.042896209463335,41.466724161726795],[2.042921491713747,41.466694889799605],[2.042984222388631,41.46662230975245],[2.043026200005901,41.46653888211343],[2.043129404857024,41.46656791433678],[2.043188967567529,41.46644247754167],[2.04321649971779,41.46638450082616],[2.043223532485049,41.4663867120457],[2.043262953112593,41.466309813571684],[2.04327405021352,41.46631286625144],[2.043535807538639,41.46638489378716],[2.0436335615545,41.46617682529809],[2.043829092276581,41.46613499825179],[2.044268969338813,41.46625897191554],[2.044399011465929,41.465973770580625],[2.044532793667185,41.46601388307927],[2.044641165033939,41.46582544782726],[2.044754671969488,41.46576443723801],[2.045002627246518,41.46583363567791],[2.045105888054918,41.465704520268936],[2.045345245389484,41.46582386169657],[2.045409631150427,41.46574811279459],[2.045473198380916,41.46566982254531],[2.045518341276226,41.46561549099085],[2.045627936714154,41.4654824937366],[2.045848015081692,41.46543518751714],[2.046098141570495,41.46550676391067],[2.046207546341216,41.46526838916512],[2.046408013915395,41.46532172541719],[2.046525069046842,41.46503863883092],[2.046640772919529,41.46497785173254],[2.047004980004655,41.46508089007268],[2.04720504169912,41.465137829027206],[2.04728654095562,41.46516082388626],[2.047403798793993,41.46519433799434],[2.047507600272549,41.46497955165278],[2.047566033174731,41.46485863388924],[2.047595705856566,41.46479726902614],[2.047836324029121,41.46486118081052],[2.047896656748305,41.4647365000761],[2.047952996765156,41.4646202486279],[2.048293093400404,41.464697849328616],[2.04831670041512,41.464567221510656],[2.048324996055903,41.46452152366454],[2.048337905010253,41.46445013725211],[2.048380140425562,41.46445421632636],[2.048422375846439,41.46445829538515],[2.048799704176544,41.464488976754815],[2.048794689001682,41.46453227876391],[2.048944689976119,41.464536769926404],[2.049083032326117,41.46453930005161],[2.049082537505005,41.46454284486655],[2.049137796988923,41.464544733548124],[2.049265594687619,41.46455184216086],[2.049304731776227,41.4645540389534],[2.04943712394965,41.46456141050791],[2.049531646896149,41.4645666857506],[2.049756348772159,41.46457919673283],[2.049768578738899,41.464488656552106],[2.049775278340711,41.46443901820957],[2.05002012729591,41.464456036548164],[2.050128065198479,41.464463538748824],[2.050182133830552,41.464467434751576],[2.050259498489432,41.464525161830394],[2.050784502433987,41.46456223433528],[2.050777277445347,41.46461652569346],[2.050956441557013,41.464626736218236],[2.051043663384892,41.464635853728666],[2.051130723484967,41.46464214701478],[2.051144233418735,41.464536773092405],[2.051362116956117,41.464551269402975],[2.051644289579186,41.4645700871099],[2.051637159579657,41.46468144951421],[2.051645871402286,41.464687601266476],[2.051848747619271,41.46469823494946],[2.051842190950725,41.46477023988747],[2.051978742521865,41.46477902090759],[2.052280274962586,41.46479799996012],[2.052300944390657,41.46460581479982],[2.052303777000722,41.4645814784825],[2.052342367512523,41.46458393753428],[2.052509140782462,41.46459456137586],[2.052714678511261,41.46460573420003],[2.052961361485991,41.4646218966654],[2.052952024539719,41.464914000873385],[2.052842744500313,41.46504552110387],[2.051186729213704,41.46826751670947],[2.052159073128899,41.468533733080854],[2.052290500671508,41.46864722357567],[2.050983090182942,41.46871803337579],[2.049568352336037,41.468718316200494],[2.049505624773086,41.46871542274796],[2.048726437864988,41.46867947809572],[2.048277099286549,41.46860801214744],[2.047021429369938,41.46823893864575],[2.045133275551564,41.471256161970956],[2.044705018981917,41.47207063228767],[2.043333667839388,41.47060976682161],[2.042833938337553,41.47018658971823],[2.04246283454966,41.46991840122786],[2.042415750233805,41.46976749558511],[2.042320497937852,41.469638002765464],[2.042164435775783,41.469600711693516],[2.041972636734339,41.46961075058241],[2.041126918370261,41.46836374359153],[2.040592613050092,41.46797447453934],[2.04016301840395,41.46742359808239],[2.04051286519931,41.467308290288955]]]},"properties":{"codiseccio":"5-5","districte":5,"nomdistricte":"Mira-sol","seccio":5,"sup":41.396,"id":22}},{"id":23,"type":"Feature","geometry":{"type":"Polygon","coordinates":[[[2.079317730004458,41.4633041359793],[2.082202409047138,41.462449481577565],[2.082714463311415,41.459831499485915],[2.082995980726108,41.459412493000734],[2.087494749669974,41.458403926828225],[2.088554190654706,41.45832336307172],[2.088973137993724,41.4582694801719],[2.08961106311293,41.45810690983937],[2.088059110874029,41.46124816911572],[2.087779746358285,41.46181358705264],[2.087491561707026,41.46239684516856],[2.087426192926116,41.46281146215781],[2.087349125911614,41.4633002706953],[2.08727742894778,41.463755011866624],[2.087251817304728,41.46391745319636],[2.087220409912208,41.46397370285865],[2.086909945158475,41.46452972972331],[2.085997063751218,41.46575609924245],[2.084931173683179,41.46703782902809],[2.080181842975805,41.464897614611075],[2.079424439833557,41.46349004160904],[2.079317730004458,41.4633041359793]]]},"properties":{"codiseccio":"2-6","districte":2,"nomdistricte":"Nucli Oest","seccio":6,"sup":42.56,"id":23}},{"id":24,"type":"Feature","geometry":{"type":"Polygon","coordinates":[[[2.06239018278159,41.46898022423304],[2.061447709147196,41.46732909678392],[2.062898827479026,41.46450583287536],[2.06539240517048,41.460538940609446],[2.065480585356158,41.46057051772236],[2.065287992546446,41.46087104819831],[2.065514573438083,41.461145856515635],[2.065885318080181,41.46116478182694],[2.065928080110511,41.461144555989705],[2.066064445340328,41.461396427909],[2.066273981371407,41.461322835149275],[2.066464986380781,41.46139591198709],[2.066507373611683,41.461657496720136],[2.066428626314587,41.461680821325885],[2.066583195479043,41.462248959556156],[2.066935407933014,41.46267011776002],[2.06730264309601,41.46290548434992],[2.067788327135267,41.46313030669286],[2.068958869259083,41.463344284131374],[2.069601573996539,41.46356896363746],[2.069968928603746,41.46378483521914],[2.070250107085673,41.4641213209146],[2.070322729737788,41.464326239800776],[2.070219438244278,41.465718852996076],[2.070185588679597,41.46616547442085],[2.069984696300021,41.46881596705232],[2.068887180559706,41.46869269390051],[2.066230133807182,41.46861641578984],[2.064771774886058,41.46865970498213],[2.064405126844639,41.46867058545851],[2.06239018278159,41.46898022423304]]]},"properties":{"codiseccio":"5-1","districte":5,"nomdistricte":"Mira-sol","seccio":1,"sup":44.06,"id":24}},{"id":25,"type":"Feature","geometry":{"type":"Polygon","coordinates":[[[2.027871103598742,41.46666546992388],[2.027986797859543,41.46650103449092],[2.028012388730653,41.46648381255291],[2.028102847350548,41.46645846438816],[2.028294595188052,41.46640099975164],[2.028633125342185,41.46621562951524],[2.028843911495059,41.46608141119957],[2.028863607487355,41.466055045165604],[2.028901071692188,41.46604529037806],[2.029151768626715,41.46602060758239],[2.029559958139589,41.46595774525949],[2.0299552449786,41.465935910635025],[2.030127849557544,41.465931557483046],[2.030373417169111,41.46594524185568],[2.030526250964883,41.4659479748446],[2.03069220731202,41.46593316951711],[2.030911088444606,41.46590591327081],[2.031331901278134,41.46581692121402],[2.03148249043061,41.465765887488175],[2.03155802229603,41.46571229246442],[2.031733179961517,41.465640356417794],[2.031923066040244,41.46558309364399],[2.032018158561137,41.46557397317295],[2.032080910320825,41.465552015044956],[2.032136469362585,41.46550872368704],[2.033903636544089,41.46499867655159],[2.033982697613712,41.464972778446906],[2.034058927022788,41.464910427504904],[2.034139877888617,41.46482294241406],[2.034257162497727,41.46467586645196],[2.034331178031431,41.4646096487303],[2.034534759693457,41.46450697827304],[2.03461353447584,41.4644481250778],[2.034692309115743,41.46438927182647],[2.034793665221859,41.4643672318397],[2.034964204353246,41.46435859021312],[2.035084653657094,41.4643623468184],[2.035147640791038,41.46438143129155],[2.035191159136628,41.464403525973395],[2.035241938903424,41.464436450514064],[2.035283442977223,41.46448683851198],[2.035489152710131,41.46474754182423],[2.035530211751877,41.46480834527472],[2.035589516397164,41.46487473543527],[2.035654235150555,41.4649239252566],[2.035747368025307,41.46498318299621],[2.035844422902439,41.46500505479789],[2.035910798779108,41.46501025811307],[2.035982179519051,41.46500498117652],[2.036140648328675,41.46497548981098],[2.036272472583768,41.464950956863554],[2.036339655781277,41.464928793788864],[2.036390624379149,41.46494553687823],[2.036493588762316,41.46497936039051],[2.036585423441272,41.465024993439485],[2.036643112170539,41.46507491862542],[2.036668601538547,41.465162113849246],[2.036738405545755,41.46529820667313],[2.036827832242421,41.46542439207056],[2.036915678037988,41.46549288144528],[2.037051977646462,41.46557734131086],[2.037173361150017,41.46568273501375],[2.037258218566303,41.46578873867627],[2.037354679731447,41.46585089058349],[2.037511180168666,41.46587567325954],[2.037712452870033,41.46585754464765],[2.037889189304824,41.46584162571567],[2.038076703757234,41.46583769937045],[2.038185336591398,41.46581754841278],[2.038334498629297,41.46577301481118],[2.03847596589077,41.465754969101184],[2.038640287641332,41.46575542608256],[2.038794426702615,41.46578601255523],[2.038988270858508,41.46584806069649],[2.03913279507616,41.46587032604948],[2.039261267483768,41.46590802241932],[2.039391509534793,41.46600042299333],[2.039676763530542,41.46628975114049],[2.039896118434778,41.46643488755285],[2.039994144489427,41.46647942720196],[2.040116169028163,41.46654971005038],[2.040230091565823,41.46664792710551],[2.040413519196599,41.466913345978156],[2.040454057050483,41.467167325292586],[2.04051286519931,41.46730829028894],[2.040163018403951,41.467423598082384],[2.040592613050092,41.46797447453932],[2.041126918370262,41.468363743591524],[2.04197263673434,41.46961075058241],[2.041889946830815,41.46982637938507],[2.041985150396167,41.469959144192096],[2.042120978134101,41.470035836681696],[2.042114556952467,41.470374645784815],[2.041968080336407,41.47079066628993],[2.040715844942913,41.47127850620643],[2.040525141249451,41.47116575773942],[2.038209694599682,41.47207318868148],[2.038349635288336,41.472413469036454],[2.037333814110514,41.47275932584085],[2.037005811799196,41.47248248300222],[2.035754571335697,41.4728976416208],[2.03577059687269,41.47287755604396],[2.035792511694244,41.472853419946254],[2.035806084259678,41.472826511711226],[2.035816117796275,41.47279597087237],[2.035816758437036,41.47275274102131],[2.03581371325032,41.47271578540883],[2.035803363150199,41.472686875164314],[2.035785948389749,41.47264979909121],[2.03576373044299,41.47261358348314],[2.035740448533118,41.47256835161269],[2.035730191922245,41.472533137008035],[2.035702253695626,41.4724788587548],[2.035689455364573,41.47245353090876],[2.035677854504513,41.47242821310085],[2.035665229724392,41.47239117716736],[2.035657354751487,41.4723568832569],[2.035646831240487,41.47233968108275],[2.035622151810794,41.47230794847729],[2.035573776884108,41.47225890324183],[2.035526706290574,41.4722026630523],[2.035487911161932,41.4721536981091],[2.035459679566733,41.47211923347945],[2.03543380285583,41.472087490792546],[2.035407979577989,41.47205214561224],[2.035372803691764,41.472001409513815],[2.035336443760513,41.47194976273987],[2.035308198979384,41.471916198695354],[2.035277505910281,41.47188621704473],[2.035243207163639,41.47185710587622],[2.035230142042808,41.47184979041747],[2.035192130793106,41.4718287546988],[2.03516025372445,41.47179786235106],[2.035130744872212,41.471768791328415],[2.035108220396127,41.47175328989849],[2.035048855527704,41.47171856398805],[2.034981148665347,41.471681065856245],[2.034943177669996,41.471657328191064],[2.034906417507464,41.47163269993909],[2.034833961114144,41.47159245966676],[2.034769793399912,41.47155859404388],[2.034717453220673,41.471534735719224],[2.034663982446369,41.47150636421235],[2.034609474628933,41.471467175168996],[2.03457620012301,41.47144978193873],[2.034541701465117,41.471434179891304],[2.034452214037937,41.47141181110031],[2.03439738565207,41.47139423688012],[2.034356766197894,41.47138759073197],[2.034324515475691,41.47138191556516],[2.034297014423481,41.47137898246924],[2.034285053376785,41.47137798131036],[2.0342276430317,41.47137299560611],[2.034214538018867,41.47136838189876],[2.034202657185687,41.471361977001095],[2.034193278184578,41.47134838723829],[2.034181624623966,41.47132667176993],[2.034178246201615,41.47131223165818],[2.034165782908616,41.47126438810416],[2.034149379723519,41.47123993054714],[2.034134000188839,41.47122719112534],[2.034110238592062,41.47121438131268],[2.034072187968574,41.471196047094615],[2.034052032078941,41.471182366816336],[2.034034284443257,41.47116780602563],[2.034002421619376,41.47113601274121],[2.033964905933452,41.47108165362122],[2.033953279238915,41.471058136886555],[2.03394859647126,41.47105089168448],[2.033934534802623,41.471030056698474],[2.033917957924781,41.471017307190856],[2.033901314191625,41.47100906078924],[2.033883620127056,41.470990897489145],[2.033881305494603,41.47098547364338],[2.033858092326388,41.47093573829136],[2.033812328585081,41.47087230249832],[2.033753968289287,41.470770029305626],[2.033723477095369,41.47072653792286],[2.033700117012105,41.470686709377276],[2.033678221890295,41.47062887845383],[2.03367141183618,41.470603600687156],[2.033662514569905,41.47055758850157],[2.033654801365274,41.47051248699682],[2.033652847908401,41.470482746361],[2.033655389888433,41.47047285964282],[2.033659102541063,41.47046478422805],[2.033676174112015,41.4704442107695],[2.033711340773335,41.470414781986015],[2.03372958298867,41.47039601982202],[2.033743115747889,41.47037181368773],[2.03378210195881,41.47032710448968],[2.033799240321479,41.47030202790281],[2.033811495374191,41.47028321543159],[2.033816432163569,41.470273348826034],[2.033817937167286,41.47025264458404],[2.033812030304241,41.47024719056122],[2.033806123442185,41.470241736538],[2.033802691661662,41.47023089890128],[2.033811675397733,41.47019044133137],[2.033809708502742,41.470161601317756],[2.033798416356989,41.47011556902162],[2.033789773156642,41.470052445027804],[2.033785852767065,41.46999386437656],[2.033780066291849,41.46998030475606],[2.03376126873728,41.46995582702589],[2.033749682432019,41.46992960840373],[2.033741634881843,41.469907022445085],[2.033725245564078,41.469881664205566],[2.033707471602717,41.46986890460938],[2.033682499794544,41.469856985274006],[2.033639660429547,41.469838610679254],[2.033544522866464,41.46979367535762],[2.033512380024229,41.46978079499676],[2.033458871079244,41.46975512480736],[2.033404258416504,41.46972314017873],[2.033384049604279,41.46971306227339],[2.033363827419167,41.469703884986195],[2.03333638064073,41.46969734918095],[2.03330648552806,41.46969439572881],[2.033278891575713,41.46969776674876],[2.033262074312015,41.46970122833943],[2.033187473579473,41.46972492112675],[2.033109133350361,41.469758490506074],[2.033093513473562,41.46976196213758],[2.03307672295024,41.46976362245754],[2.033059932426108,41.469765282774944],[2.033014430798516,41.469764900249785],[2.032936665994778,41.469759742780774],[2.032910336335808,41.469758620671215],[2.032778862091258,41.46974130195286],[2.032732310340885,41.46973100240987],[2.032703706371985,41.46972175451995],[2.032684681692603,41.46971258718428],[2.032614797698487,41.46966065759883],[2.032557115533168,41.46959351812039],[2.03249467064171,41.469524537082386],[2.032455919547773,41.46947286927131],[2.03241595771797,41.46942209199606],[2.032399435115111,41.46940573978762],[2.032387528033783,41.46940113594923],[2.032367225731678,41.46939736221795],[2.032352937238927,41.469391837607695],[2.032337531704034,41.469380899193055],[2.032322152961215,41.469368159533495],[2.032300988113097,41.469341860179256],[2.032279876857981,41.46931195833519],[2.032257487854188,41.469287450141856],[2.032235085472566,41.469263842565724],[2.032191585320157,41.46920943250381],[2.032176246832324,41.469193990960534],[2.032162132543035,41.46917675824762],[2.032142232199727,41.46914596583274],[2.032136392557031,41.46913600861787],[2.032120164811142,41.46909984269729],[2.032111970567513,41.46908716346505],[2.032104879951052,41.4690807986587],[2.03207412270334,41.46905531927633],[2.032025766248557,41.46900537195478],[2.031978701049676,41.4689491303402],[2.03192583653941,41.46888022961699],[2.031873780951093,41.46883745697088],[2.03183465555516,41.46881100635517],[2.031787429853642,41.46876557212132],[2.031730584881343,41.468722759094405],[2.031672341561298,41.468693445281126],[2.031619951218176,41.46867318805803],[2.031549546438838,41.46865638207265],[2.031505430658956,41.468643400340945],[2.031441200565329,41.46861403600099],[2.03135548456146,41.46857998701376],[2.031311569979009,41.46855349588801],[2.031270130653772,41.46852162118685],[2.031235620938661,41.46850691878653],[2.031187939980311,41.46849210543697],[2.031127235293454,41.468467274287036],[2.03110352893755,41.46845086137919],[2.031043561909901,41.46837649601295],[2.030999728060076,41.46834460104217],[2.030960563082281,41.46832085199793],[2.030852419356281,41.46826499605991],[2.030772878837217,41.46821838839112],[2.030559000415085,41.46810579562978],[2.030467473094445,41.46805998745438],[2.030421218146479,41.468029873323424],[2.030383318046966,41.46800163107297],[2.030362033643998,41.4679834369598],[2.030324200699354,41.46795069158431],[2.030283865672355,41.46792513097656],[2.03007472486986,41.4678161801921],[2.030035533701374,41.467794232080124],[2.02992531912723,41.46771674018154],[2.029834276178948,41.46763850914958],[2.029804731300895,41.46761213864929],[2.029719165201357,41.46756818162816],[2.029698957635173,41.46755810308493],[2.029676328478352,41.467549805578415],[2.029623926258119,41.46753044807991],[2.029604929517527,41.467519479000835],[2.029552769099412,41.46748391029113],[2.02952193301917,41.467463833964636],[2.029417276602277,41.46741521197388],[2.029253868809533,41.46737149846758],[2.029140492244048,41.46718499026628],[2.028849690994138,41.466931230446825],[2.028504675749987,41.46677969572824],[2.028065676839885,41.46666699817036],[2.027894482347116,41.466663749986324],[2.027871103598742,41.46666546992388]]]},"properties":{"codiseccio":"5-8","districte":5,"nomdistricte":"Mira-sol","seccio":8,"sup":57.877,"id":25}},{"id":26,"type":"Feature","geometry":{"type":"Polygon","coordinates":[[[2.077428710363775,41.46235628797861],[2.078446510600019,41.46232144967144],[2.07868554922868,41.46239214935903],[2.078933585978994,41.46263488600407],[2.07931773000446,41.4633041359793],[2.079424439833557,41.46349004160904],[2.080181842975805,41.464897614611075],[2.08493117368318,41.46703782902809],[2.084792216954741,41.467204919189584],[2.083946068776282,41.46820308705005],[2.083404797840319,41.4689162594778],[2.083393199341594,41.46889429856822],[2.083033268543385,41.46859182539615],[2.082602432088973,41.46833904271357],[2.082236908394165,41.46831893235065],[2.081995056567688,41.468445977719],[2.081604004601223,41.46861482355348],[2.081409811906501,41.46860467570026],[2.081263159629198,41.46846593301726],[2.081174993253137,41.468233076111375],[2.081134852881473,41.46783723548218],[2.081137036443066,41.46768248413167],[2.081197947092059,41.46741642410982],[2.081281110739129,41.46719353299105],[2.081271378795216,41.46707307958209],[2.081105050808855,41.466993233315236],[2.080736987919451,41.46687906835746],[2.080451942139665,41.46681718648146],[2.080342466214513,41.466780836096056],[2.079412184723877,41.46678308061215],[2.079185696489803,41.46678413899344],[2.078994384928758,41.46641861117415],[2.078815763824772,41.466116242463826],[2.078613311823082,41.465882468848875],[2.078341918043578,41.46567393767445],[2.078129621490125,41.46532830688421],[2.078085728428405,41.46519898131503],[2.07813290725581,41.465096179950905],[2.07828404728162,41.46491682666635],[2.078469718394598,41.46472055309547],[2.078517261182143,41.46459195966851],[2.078428136448951,41.46442787902336],[2.078235295284842,41.46432315568582],[2.077769243593042,41.464138858958464],[2.077566192585904,41.46394806999574],[2.077524615139965,41.46365539560483],[2.077518056548344,41.463311412210615],[2.077555388485198,41.4630967546073],[2.077559771884952,41.46278725195649],[2.077428710363775,41.46235628797861]]]},"properties":{"codiseccio":"2-4","districte":2,"nomdistricte":"Nucli Oest","seccio":4,"sup":15.737,"id":26}},{"id":27,"type":"Feature","geometry":{"type":"Polygon","coordinates":[[[2.07236630318383,41.46259518347357],[2.076113386135693,41.46241452444989],[2.077428710363775,41.46235628797861],[2.077559771884952,41.46278725195649],[2.077555388485198,41.4630967546073],[2.077518056548344,41.463311412210615],[2.077524615139965,41.46365539560483],[2.077566192585904,41.46394806999574],[2.077769243593042,41.464138858958464],[2.078235295284842,41.46432315568582],[2.078428136448951,41.46442787902336],[2.078517261182143,41.46459195966851],[2.078469718394598,41.46472055309547],[2.07828404728162,41.46491682666635],[2.07813290725581,41.465096179950905],[2.078085728428405,41.46519898131503],[2.078129621490125,41.46532830688421],[2.078341918043578,41.46567393767445],[2.078613311823082,41.465882468848875],[2.078815763824772,41.466116242463826],[2.078994384928758,41.46641861117415],[2.079185696489803,41.46678413899344],[2.078799269374878,41.46678822056069],[2.079268345487574,41.467474274627556],[2.079754582476071,41.46823900085956],[2.08024751217274,41.469148075240774],[2.080828465515062,41.46938227903484],[2.082137782706617,41.46991088389921],[2.082562724298842,41.47007824426207],[2.082444949511981,41.47049793641648],[2.081941794845887,41.47020447339812],[2.081134310383993,41.4699553491868],[2.080405491831341,41.46969372992895],[2.080298636240038,41.46985029085441],[2.079691429922266,41.46962243344028],[2.078581661796539,41.46916754673371],[2.078177527411524,41.46902129876141],[2.078221439060724,41.46824972862639],[2.078236126785331,41.467451296028976],[2.078240268395098,41.46738282511858],[2.078209058466829,41.467313334395],[2.078110428483255,41.46696160798749],[2.078008444328029,41.46683356048066],[2.077858985198828,41.46666465007001],[2.077261866336804,41.46621022008796],[2.076592440542831,41.46570460383653],[2.076141684860279,41.46536700633444],[2.075739910460852,41.465056396645984],[2.075537134862761,41.464907676864925],[2.075277750419021,41.464717810462716],[2.074189831293484,41.4639431114308],[2.07256151336918,41.462740120485876],[2.07236630318383,41.46259518347357]]]},"properties":{"codiseccio":"2-3","districte":2,"nomdistricte":"Nucli Oest","seccio":3,"sup":16.484,"id":27}},{"id":28,"type":"Feature","geometry":{"type":"Polygon","coordinates":[[[2.079941176948671,41.48111585192374],[2.080651915768059,41.48017273754363],[2.082304124820566,41.47903958972083],[2.083383850952983,41.47829903788512],[2.084714217398759,41.47735980581995],[2.0853722662542,41.476765003096666],[2.085638828989747,41.47647355088412],[2.085848646755537,41.4761377331419],[2.086019489845645,41.47578617953349],[2.086019358114679,41.47595960099219],[2.085782468797863,41.47691659266341],[2.085698430143279,41.478220782935615],[2.086788864539054,41.47919819752867],[2.087090329469014,41.47925990067226],[2.088745576268877,41.479383169026065],[2.086553825359226,41.480814927926026],[2.085625512461305,41.48001123899059],[2.084459453292127,41.480772915931986],[2.083905137120834,41.48113498810383],[2.084718126512415,41.481838853253294],[2.084871638437614,41.48197217595729],[2.084627953633432,41.48211326414378],[2.084212451527541,41.482608963273016],[2.083031168524855,41.48205157807931],[2.081376400403182,41.48147084673083],[2.079941176948671,41.48111585192374]]]},"properties":{"codiseccio":"1-15","districte":1,"nomdistricte":"Nucli Est","seccio":15,"sup":18.198,"id":28}},{"id":29,"type":"Feature","geometry":{"type":"Polygon","coordinates":[[[2.073721520152154,41.47395936805899],[2.07211547258183,41.47180691729066],[2.073964675845211,41.471636610278324],[2.075557196576528,41.4694585049163],[2.076200451617815,41.46953654956237],[2.076667376257879,41.46955094296817],[2.076932135228551,41.46948745777519],[2.077160464475142,41.469437350834866],[2.077505742972907,41.469298283038874],[2.077925730584407,41.46899714890514],[2.078177527411524,41.46902129876141],[2.078115062845925,41.46947745300007],[2.078118460707711,41.46966772870174],[2.07811998863549,41.46977145981671],[2.078258411936503,41.46987090415051],[2.078398788488845,41.46992059892441],[2.078409020894247,41.46998448228769],[2.078355056943502,41.470229503968405],[2.078301092569989,41.470474525609355],[2.078278553972166,41.47060139374725],[2.078071490064319,41.471482020719854],[2.078020067076572,41.47167642015382],[2.077568715350897,41.47241520822261],[2.077105748750864,41.47342384331128],[2.076271222332124,41.47492512270986],[2.076157937013333,41.475150239726844],[2.076074698530093,41.47521265030227],[2.075733440381023,41.47547641496869],[2.075436898972157,41.47570561465514],[2.074924744483677,41.475241582959825],[2.074193146835052,41.47458813692926],[2.073721520152154,41.47395936805899]]]},"properties":{"codiseccio":"2-9","districte":2,"nomdistricte":"Nucli Oest","seccio":9,"sup":19.642,"id":29}},{"id":30,"type":"Feature","geometry":{"type":"Polygon","coordinates":[[[2.086019489845645,41.47578617953349],[2.086190007465846,41.475378537937715],[2.086311730250152,41.47496444933177],[2.086322263432062,41.47492861624824],[2.086446338307165,41.474434478187185],[2.087906168348104,41.47452608858419],[2.087849205841624,41.47503904071496],[2.088102473237884,41.475233573810996],[2.089404309311329,41.47621185967701],[2.089589411380705,41.476395982508556],[2.089655633148996,41.47644250048374],[2.090209670465459,41.476887714895504],[2.090444272997598,41.47714295326845],[2.090584539516035,41.477497925805054],[2.091516346157499,41.47977424062134],[2.092305503789019,41.48029921778863],[2.092644282480312,41.4804837192053],[2.092003298912768,41.481061590847155],[2.091822850847767,41.4811162311689],[2.090529907446337,41.48051290519887],[2.089976196152788,41.4801121411687],[2.089700189354762,41.479685867617576],[2.089467063919312,41.47943689154575],[2.088745576268877,41.479383169026065],[2.087090329469014,41.47925990067226],[2.086788864539054,41.47919819752867],[2.085698430143279,41.478220782935615],[2.085782468797863,41.47691659266341],[2.086019358114679,41.47595960099219],[2.086019489845645,41.47578617953349]]]},"properties":{"codiseccio":"1-6","districte":1,"nomdistricte":"Nucli Est","seccio":6,"sup":19.682,"id":30}},{"id":31,"type":"Feature","geometry":{"type":"Polygon","coordinates":[[[2.083404797840319,41.4689162594778],[2.083946068776282,41.46820308705005],[2.084792216954741,41.467204919189584],[2.08493117368318,41.46703782902809],[2.088552006692202,41.46866126084868],[2.087908125856603,41.4694828706841],[2.087781666210019,41.46943427354754],[2.087609284100604,41.46944502280305],[2.087431671942299,41.46947530157638],[2.08729823041054,41.469536685129825],[2.087217866806353,41.469612061909],[2.087173801049134,41.46966838724805],[2.087129735215036,41.4697247125689],[2.087556941766333,41.469831156011296],[2.088381209373694,41.469897429965066],[2.09036939885601,41.47005726241375],[2.090281188906267,41.47088903032353],[2.090192976511799,41.47172079802306],[2.09016534845942,41.47198130222669],[2.089364217753452,41.47201260525563],[2.088298499991939,41.472193330745874],[2.087274764076098,41.47264092532344],[2.086736664898168,41.47269684497759],[2.086290977841272,41.47268470965056],[2.086007165170089,41.47254302724524],[2.085870929096346,41.47247501623364],[2.085704052764321,41.47214695692196],[2.085525505787353,41.471836001155424],[2.085564627857792,41.47149238151498],[2.085054955507893,41.47115299912921],[2.084361824076311,41.4708891223994],[2.084247608477173,41.470845639654264],[2.083370475425519,41.470623701416464],[2.083086768694172,41.47047527131862],[2.083461501759979,41.469841984359405],[2.083717689881012,41.46950869173147],[2.083404797840319,41.4689162594778]]]},"properties":{"codiseccio":"1-9","districte":1,"nomdistricte":"Nucli Est","seccio":9,"sup":21.478,"id":31}},{"id":32,"type":"Feature","geometry":{"type":"Polygon","coordinates":[[[2.073321108811712,41.480593754646016],[2.074006128438651,41.47922632532454],[2.074808856813172,41.47763903087492],[2.075584655017039,41.476305463263856],[2.076112082574117,41.47524135973771],[2.076157937013333,41.475150239726844],[2.077170239174452,41.47439122091268],[2.078103384988721,41.4737479594202],[2.078490021905621,41.47407283296888],[2.078838457196963,41.47442038279048],[2.079107840703513,41.47468557713327],[2.079610818302844,41.475180725537086],[2.080055851973237,41.47494829743169],[2.080143621039084,41.474989515567565],[2.080238526102168,41.475365306068554],[2.080351797478566,41.4754595838441],[2.079680212421501,41.476352030209384],[2.079465760576398,41.476659163360985],[2.07934678712747,41.47718717120025],[2.079009582388433,41.47789290898396],[2.078579386689351,41.47820352809285],[2.078149186883909,41.478514145533524],[2.077288774953727,41.47913537541031],[2.076987586646373,41.479522915633986],[2.076951663801903,41.47981006125796],[2.076840835862466,41.48069593587407],[2.075333219713029,41.48075773090857],[2.073321108811712,41.480593754646016]]]},"properties":{"codiseccio":"1-4","districte":1,"nomdistricte":"Nucli Est","seccio":4,"sup":22.221,"id":32}},{"id":33,"type":"Feature","geometry":{"type":"Polygon","coordinates":[[[2.066833996495122,41.478690850596564],[2.066971528769058,41.47867364309586],[2.067419871498323,41.478596912645486],[2.069104903441472,41.47815724578443],[2.069294165790137,41.47811768799418],[2.070026114168769,41.47796469980729],[2.070995479939833,41.477776180307266],[2.071613737576615,41.477595898308664],[2.071695951982305,41.477571924516816],[2.072806814624307,41.47706062264904],[2.073920326651149,41.47657317375747],[2.075017359031803,41.476035626758794],[2.075436898972157,41.47570561465514],[2.075733440381023,41.47547641496869],[2.076074698530092,41.47521265030228],[2.076157937013333,41.475150239726844],[2.076112082574117,41.47524135973771],[2.075584655017039,41.476305463263856],[2.074808856813172,41.47763903087492],[2.074006128438649,41.47922632532454],[2.073321108811712,41.480593754646016],[2.072884654116934,41.48146428591111],[2.072551572941701,41.48236026120122],[2.070063626580191,41.48231239289084],[2.069695787298452,41.481327380915644],[2.069411669621881,41.480519070529745],[2.068822119904862,41.480393863559165],[2.068691259092521,41.48006854641108],[2.068581456707024,41.47999354169573],[2.068126616262816,41.47992500835858],[2.067685687014665,41.479745411607794],[2.06706211465263,41.47941610047002],[2.066892319014917,41.47922943353522],[2.066969413260674,41.479007709898276],[2.066833996495122,41.478690850596564]]]},"properties":{"codiseccio":"1-5","districte":1,"nomdistricte":"Nucli Est","seccio":5,"sup":24.19,"id":33}},{"id":34,"type":"Feature","geometry":{"type":"Polygon","coordinates":[[[2.068741465744641,41.47552045466298],[2.068484096285924,41.47504648922583],[2.06825248397372,41.4745801320811],[2.067957869306422,41.47397473109832],[2.067953807806751,41.473571600840906],[2.06808887822077,41.473183279299214],[2.069245250887096,41.47109024549601],[2.069513441465163,41.47049254137519],[2.069815388606692,41.46982677947806],[2.069981477436455,41.468858433450315],[2.069984696300021,41.46881596705232],[2.070420518806747,41.46886184854407],[2.072441608220788,41.46908044432948],[2.075557196576528,41.4694585049163],[2.073964675845211,41.471636610278324],[2.072115472581828,41.47180691729066],[2.073721520152154,41.47395936805899],[2.068741465744641,41.47552045466298]]]},"properties":{"codiseccio":"2-8","districte":2,"nomdistricte":"Nucli Oest","seccio":8,"sup":26.503,"id":34}},{"id":35,"type":"Feature","geometry":{"type":"Polygon","coordinates":[[[2.089923608834213,41.47381242974207],[2.090024944936428,41.47304484332944],[2.09016534845942,41.47198130222669],[2.090192976511799,41.47172079802306],[2.092041914975113,41.47184701560441],[2.092600628357788,41.47188515017475],[2.093587252370638,41.47195248474007],[2.094741864237242,41.47190136357258],[2.09578256399103,41.471711050668524],[2.096687769711469,41.4713548401746],[2.09707508296374,41.471931131359575],[2.097474426236289,41.472528899301466],[2.097548165489506,41.47272531079636],[2.097574923761337,41.47292837398837],[2.097557956766591,41.4731124777432],[2.097535626427013,41.4732536834377],[2.097887422557672,41.47326460179626],[2.098184836789753,41.473704222138785],[2.098490304694847,41.47398371771395],[2.098814509403709,41.47430712597314],[2.099234954268042,41.47466044334233],[2.09964135209851,41.475040824515354],[2.100058020129198,41.475318861759945],[2.10027170437677,41.47542684163481],[2.097489222922866,41.47805983801044],[2.097138252199959,41.47785009320368],[2.096715070484689,41.477431190248105],[2.096711365905343,41.47717415604558],[2.096575432111097,41.47701451156067],[2.09640200970364,41.47693659553765],[2.0961341512218,41.476852469519315],[2.095480487676332,41.475753695647136],[2.094778208954589,41.47501543653236],[2.09341682226153,41.47409700137836],[2.091666767267906,41.473941031114215],[2.089923608834213,41.47381242974207]]]},"properties":{"codiseccio":"1-11","districte":1,"nomdistricte":"Nucli Est","seccio":11,"sup":28.496,"id":35}},{"id":36,"type":"Feature","geometry":{"type":"Polygon","coordinates":[[[2.066507373611683,41.461657496720136],[2.066787487501536,41.4615503374363],[2.067007971194514,41.46145977212202],[2.067178139710709,41.461389873675095],[2.067171517277457,41.46139095716698],[2.067272180301678,41.46134853748318],[2.067419841016773,41.461280223965986],[2.067474360980739,41.46125499463761],[2.067579200944965,41.46120647940191],[2.067579139304037,41.461206537049286],[2.067619959765777,41.46118765496859],[2.067814906749077,41.46109748473671],[2.067897071668395,41.46105888692847],[2.068205746873267,41.46094034244714],[2.068505535357817,41.46082944049154],[2.06858266926094,41.46080031329024],[2.068765516637998,41.4607304812732],[2.068970761007353,41.460959289661304],[2.06901850093972,41.461014123301396],[2.069044217706246,41.46100145284231],[2.069183641538928,41.46112390978901],[2.069301418397504,41.461227816485795],[2.069520897082266,41.461085743021606],[2.069514480885152,41.461080909226844],[2.069555639230719,41.46105182217514],[2.069598810517404,41.461021312511676],[2.069770554687004,41.46091981828378],[2.069805514365132,41.46089916765109],[2.06987920139329,41.460855635945705],[2.070040691533236,41.460731833882804],[2.070167481769337,41.460796480650906],[2.07025928428657,41.460861219631305],[2.070443915819289,41.46100061377952],[2.070714992714485,41.461199325585206],[2.070898955494821,41.46133589511673],[2.071949243075361,41.4622855270824],[2.07236630318383,41.46259518347357],[2.072561513369169,41.462740120485876],[2.074189831293484,41.4639431114308],[2.075277750419021,41.464717810462716],[2.075537134862761,41.464907676864925],[2.075739910460865,41.465056396645984],[2.076141684860279,41.46536700633444],[2.076592440542831,41.46570460383653],[2.077261866336804,41.46621022008796],[2.077858985198828,41.46666465007001],[2.078008444328053,41.46683356048066],[2.078110428483255,41.46696160798749],[2.078209058466807,41.46731333439491],[2.078240268395098,41.46738282511858],[2.078236126785331,41.467451296028976],[2.078221439060724,41.46824972862639],[2.078177527411524,41.46902129876141],[2.077925730584407,41.46899714890514],[2.077505742972907,41.469298283038874],[2.077160464475142,41.469437350834866],[2.076932135228552,41.4694874577751],[2.0766150387344,41.46923609676977],[2.076263389143606,41.468932880093504],[2.075661103830415,41.46827079074591],[2.075068423633104,41.46740654326102],[2.074768313276541,41.46676710009012],[2.074645646176521,41.466412207745336],[2.074419223658341,41.46626376894691],[2.073650939292369,41.465934017003335],[2.07275869446105,41.46628579494588],[2.072133880697086,41.46626559256672],[2.071213498802462,41.46623289060716],[2.070185588679599,41.46616547442085],[2.070219438244278,41.465718852996076],[2.070322729737789,41.464326239800776],[2.070250107085673,41.46412132091459],[2.069968928603746,41.46378483521913],[2.069601573996539,41.46356896363746],[2.068958869259085,41.463344284131374],[2.067788327135267,41.46313030669286],[2.067302643096011,41.46290548434992],[2.066935407933014,41.46267011776002],[2.066583195479043,41.462248959556156],[2.066428626314588,41.461680821325885],[2.066507373611683,41.461657496720136]]]},"properties":{"codiseccio":"2-1","districte":2,"nomdistricte":"Nucli Oest","seccio":1,"sup":31.941,"id":36}},{"id":37,"type":"Feature","geometry":{"type":"Polygon","coordinates":[[[2.089589411380705,41.476395982508556],[2.089730404207868,41.47515060990244],[2.089505264194771,41.47513242461696],[2.089570305347735,41.47464080152813],[2.089824599825135,41.47465374903086],[2.089923608834213,41.47381242974207],[2.091666767267906,41.473941031114215],[2.09341682226153,41.47409700137836],[2.094778208954589,41.47501543653236],[2.095480487676332,41.475753695647136],[2.0961341512218,41.476852469519315],[2.09640200970364,41.47693659553765],[2.096575432111097,41.47701451156067],[2.096711365905343,41.47717415604558],[2.096715070484689,41.477431190248105],[2.097138252199959,41.47785009320368],[2.097489222922866,41.47805983801044],[2.095046515059404,41.48037108010085],[2.0921369195557,41.48214900366297],[2.091623407434966,41.48191341045636],[2.091522790171058,41.48189480045501],[2.091582952895719,41.481351584817354],[2.091822850847767,41.4811162311689],[2.092003298912768,41.481061590847155],[2.092644282480312,41.4804837192053],[2.092305503789019,41.48029921778863],[2.091516346157499,41.47977424062134],[2.090584539516035,41.477497925805054],[2.090444272997598,41.47714295326845],[2.090209670465459,41.476887714895504],[2.089655633148996,41.47644250048374],[2.089589411380705,41.476395982508556]]]},"properties":{"codiseccio":"1-8","districte":1,"nomdistricte":"Nucli Est","seccio":8,"sup":34.4,"id":37}},{"id":38,"type":"Feature","geometry":{"type":"Polygon","coordinates":[[[2.06477177488606,41.46865970498213],[2.066230133807182,41.46861641578984],[2.068887180559706,41.46869269390051],[2.069984696300021,41.46881596705232],[2.069981477436455,41.46885843345031],[2.069815388606692,41.46982677947806],[2.069513441465165,41.47049254137519],[2.069245250887096,41.47109024549601],[2.06808887822077,41.473183279299214],[2.067953807806752,41.473571600840906],[2.067957869306423,41.47397473109832],[2.06825248397372,41.4745801320811],[2.068484096285924,41.47504648922583],[2.068741465744641,41.47552045466298],[2.069157767965128,41.47628709123787],[2.069192357790793,41.476898529078014],[2.069104903441472,41.47815724578443],[2.067419871498324,41.478596912645486],[2.066971528769058,41.47867364309586],[2.066833996495123,41.478690850596564],[2.066258046953078,41.47874693812501],[2.065721247235233,41.47881492330956],[2.065700979121857,41.47881749076574],[2.065662718642295,41.47772661304638],[2.064595806221891,41.474088636663204],[2.064877302030853,41.472923393257915],[2.064873200940341,41.470696902243795],[2.06477177488606,41.46865970498213]]]},"properties":{"codiseccio":"5-6","districte":5,"nomdistricte":"Mira-sol","seccio":6,"sup":36.114,"id":38}},{"id":39,"type":"Feature","geometry":{"type":"Polygon","coordinates":[[[2.044705018981917,41.47207063228767],[2.045133275551564,41.471256161970956],[2.047021429369938,41.46823893864575],[2.048277099286549,41.46860801214744],[2.048726437864988,41.46867947809572],[2.049505624773086,41.46871542274796],[2.049568352336037,41.468718316200494],[2.050983090182942,41.46871803337579],[2.052290500671508,41.46864722357567],[2.053120967060801,41.46869871563767],[2.054259810000948,41.468660533364314],[2.054369524772535,41.4708114566427],[2.054370432056554,41.47082924316972],[2.053705724006791,41.47119149389458],[2.052873491505124,41.47173621916004],[2.052224325397262,41.47231770441052],[2.051410709798369,41.47341736563961],[2.05044221023923,41.474726306874345],[2.04978368666192,41.475050103932226],[2.048960490315487,41.4749706173836],[2.047123155464945,41.474262751679895],[2.045742976445004,41.47378526180192],[2.04466001234203,41.47358814562071],[2.044705018981917,41.47207063228767]]]},"properties":{"codiseccio":"5-4","districte":5,"nomdistricte":"Mira-sol","seccio":4,"sup":41.141,"id":39}},{"id":40,"type":"Feature","geometry":{"type":"Polygon","coordinates":[[[2.086522267141099,41.4740137255362],[2.086588363261125,41.47360938572333],[2.086939537797602,41.47365210580827],[2.087463134070221,41.47367856409235],[2.087931572913884,41.47371285652613],[2.088019339544118,41.47364959981169],[2.088106608263634,41.47291038810713],[2.089854896232699,41.473020884868355],[2.090024944936428,41.47304484332944],[2.089923608834213,41.47381242974207],[2.088094893692285,41.47372653818588],[2.088006469867465,41.47376159649145],[2.087960226952015,41.474112809061374],[2.086522267141099,41.4740137255362]]]},"properties":{"codiseccio":"1-7","districte":1,"nomdistricte":"Nucli Est","seccio":7,"sup":1.957,"id":40}},{"id":41,"type":"Feature","geometry":{"type":"Polygon","coordinates":[[[2.086007165170089,41.47254302724524],[2.086290977841272,41.47268470965056],[2.086736664898168,41.47269684497759],[2.087274764076098,41.47264092532344],[2.088298499991939,41.472193330745874],[2.089364217753452,41.47201260525563],[2.09016534845942,41.47198130222669],[2.090024944936428,41.47304484332944],[2.089854896232699,41.473020884868355],[2.088106608263634,41.47291038810713],[2.088019339544118,41.47364959981169],[2.087931572913884,41.47371285652613],[2.087463134070221,41.47367856409235],[2.086939537797602,41.47365210580827],[2.086588363261125,41.47360938572333],[2.086092969879683,41.473392585631316],[2.085768016620115,41.47330078097291],[2.085383649852126,41.47321593865113],[2.086007165170089,41.47254302724524]]]},"properties":{"codiseccio":"1-10","districte":1,"nomdistricte":"Nucli Est","seccio":10,"sup":3.873,"id":41}},{"id":42,"type":"Feature","geometry":{"type":"Polygon","coordinates":[[[2.086446338307165,41.474434478187185],[2.086473516967637,41.47435623392468],[2.086522267141099,41.4740137255362],[2.087960226952015,41.474112809061374],[2.088006469867465,41.47376159649145],[2.088094893692285,41.47372653818588],[2.089923608834213,41.47381242974207],[2.089824599825135,41.47465374903086],[2.089570305347735,41.47464080152813],[2.089505264194771,41.47513242461696],[2.089730404207868,41.47515060990244],[2.089589411380705,41.476395982508556],[2.089404309311329,41.47621185967701],[2.088102473237884,41.475233573810996],[2.087849205841624,41.47503904071496],[2.087906168348104,41.47452608858419],[2.086446338307165,41.474434478187185]]]},"properties":{"codiseccio":"1-22","districte":1,"nomdistricte":"Nucli Est","seccio":22,"sup":3.885,"id":42}},{"id":43,"type":"Feature","geometry":{"type":"Polygon","coordinates":[[[2.078118460707711,41.46966772870174],[2.078115062845925,41.46947745300007],[2.078177527411524,41.46902129876141],[2.078581661796539,41.46916754673371],[2.079691429922266,41.46962243344028],[2.080298636240038,41.46985029085441],[2.080405491831341,41.46969372992895],[2.081134310383993,41.4699553491868],[2.081941794845887,41.47020447339812],[2.082444949511981,41.47049793641648],[2.082146857627827,41.47187144444555],[2.080787635318095,41.47218320484481],[2.080388525239731,41.47093953016881],[2.080305653385215,41.47064426726655],[2.079926597145836,41.47036627719183],[2.079564672816447,41.47010806291328],[2.078647049920701,41.4697537471304],[2.078118460707711,41.46966772870174]]]},"properties":{"codiseccio":"2-5","districte":2,"nomdistricte":"Nucli Oest","seccio":5,"sup":4.65,"id":43}},{"id":44,"type":"Feature","geometry":{"type":"Polygon","coordinates":[[[2.090281188906267,41.47088903032353],[2.09036939885601,41.47005726241375],[2.091612198667473,41.47013586974852],[2.092415323065758,41.47018666028959],[2.093757127132946,41.47006133477858],[2.094845192395014,41.469775451395485],[2.095480495737608,41.46956527429611],[2.09609717322286,41.47047605782302],[2.095007971868749,41.47083264680559],[2.094153550082282,41.47100777519889],[2.093721244270975,41.4710476697045],[2.093179753896415,41.47107371322454],[2.092190377753005,41.47101828728343],[2.090281188906267,41.47088903032353]]]},"properties":{"codiseccio":"1-19","districte":1,"nomdistricte":"Nucli Est","seccio":19,"sup":4.825,"id":44}},{"id":45,"type":"Feature","geometry":{"type":"Polygon","coordinates":[[[2.078103384988721,41.4737479594202],[2.078711701955363,41.47332492526843],[2.079444255448841,41.47280306839176],[2.079612350758436,41.47269040621166],[2.079748794056558,41.4726088643166],[2.079900117640768,41.4726141407617],[2.081785476558371,41.47265275789267],[2.081875527886601,41.47293150184133],[2.081859742581873,41.473162278544315],[2.082117077922793,41.47431398815978],[2.081703043411399,41.474514659491156],[2.08146058251459,41.4739812381295],[2.080022840325588,41.474183960558435],[2.079955872806293,41.47422067367569],[2.079147152715106,41.474664026008234],[2.079107840703513,41.47468557713327],[2.078838457196963,41.47442038279048],[2.078490021905621,41.47407283296888],[2.078103384988721,41.4737479594202]]]},"properties":{"codiseccio":"1-3","districte":1,"nomdistricte":"Nucli Est","seccio":3,"sup":4.879,"id":45}},{"id":46,"type":"Feature","geometry":{"type":"Polygon","coordinates":[[[2.090192976511799,41.47172079802306],[2.090281188906267,41.47088903032353],[2.092190377753005,41.47101828728343],[2.093179753896415,41.47107371322454],[2.093721244270975,41.4710476697045],[2.094153550082282,41.47100777519889],[2.095007971868749,41.47083264680559],[2.09609717322286,41.47047605782302],[2.096687769711469,41.4713548401746],[2.09578256399103,41.471711050668524],[2.094741864237242,41.47190136357258],[2.093587252370638,41.47195248474007],[2.092600628357788,41.47188515017475],[2.092041914975113,41.47184701560441],[2.090192976511799,41.47172079802306]]]},"properties":{"codiseccio":"1-13","districte":1,"nomdistricte":"Nucli Est","seccio":13,"sup":5.286,"id":46}},{"id":47,"type":"Feature","geometry":{"type":"Polygon","coordinates":[[[2.079185696489803,41.46678413899344],[2.079412184723877,41.46678308061215],[2.080342466214513,41.466780836096056],[2.080451942139665,41.46681718648146],[2.080736987919451,41.46687906835746],[2.081105050808855,41.466993233315236],[2.081271378795216,41.46707307958209],[2.081281110739129,41.46719353299105],[2.081197947092059,41.46741642410982],[2.081137036443066,41.46768248413167],[2.081134852881473,41.46783723548218],[2.081174993253137,41.468233076111375],[2.081263159629198,41.46846593301726],[2.081409811906501,41.46860467570026],[2.081604004601223,41.46861482355348],[2.081995056567688,41.468445977719],[2.082236908394165,41.46831893235065],[2.082602432088973,41.46833904271357],[2.083033268543385,41.46859182539615],[2.083393199341594,41.46889429856822],[2.083404797840319,41.4689162594778],[2.082562724298842,41.47007824426207],[2.082137782706617,41.46991088389921],[2.080828465515062,41.46938227903484],[2.08024751217274,41.469148075240774],[2.079754582476071,41.46823900085956],[2.079268345487574,41.467474274627556],[2.078799269374878,41.46678822056069],[2.079185696489803,41.46678413899344]]]},"properties":{"codiseccio":"2-7","districte":2,"nomdistricte":"Nucli Oest","seccio":7,"sup":6.076,"id":47}},{"id":48,"type":"Feature","geometry":{"type":"Polygon","coordinates":[[[2.079107840703513,41.47468557713327],[2.079147152715106,41.474664026008234],[2.079955872806293,41.47422067367569],[2.080022840325589,41.47418396055841],[2.081460582514591,41.4739812381295],[2.0817030434114,41.47451465949115],[2.082117077922793,41.47431398815978],[2.082166788708681,41.47434821565804],[2.082959825329871,41.47465612984815],[2.083283273454211,41.47478099750888],[2.083041210894955,41.475094204237855],[2.082824490616227,41.475384094850156],[2.083391719711307,41.475591151529436],[2.082706629379353,41.475733001165324],[2.082447080200009,41.47573461509664],[2.082286536454499,41.47601486645109],[2.081947471031633,41.47611222685046],[2.081608404609296,41.47620958623812],[2.081553943515594,41.47631299992756],[2.081452039371883,41.47642088457312],[2.081429789361987,41.476444408001676],[2.081399920495576,41.47647337298992],[2.081359354182322,41.476504802148796],[2.081340434877823,41.47651498473748],[2.081276679752879,41.47655809581695],[2.081261445778101,41.47656538800456],[2.081246076202455,41.47657100209162],[2.081231389735614,41.476576289184734],[2.081213705566116,41.47658182255138],[2.08118738883402,41.47658800754325],[2.081168987397465,41.47659344509954],[2.081163682543911,41.47659592477734],[2.081143251801473,41.47660936265796],[2.081125679739387,41.47661543734686],[2.08110764900622,41.476620067192975],[2.08107055680545,41.47662598592402],[2.081035477540008,41.47663354204938],[2.081008458776833,41.47663855043494],[2.080950584279724,41.476665830636456],[2.08093969528761,41.4766566462075],[2.080919263206995,41.47667017411038],[2.08089658121242,41.47668188255983],[2.080871173477794,41.47669238926168],[2.080842063535197,41.47670468585547],[2.08080585683723,41.47671997921848],[2.080744720784065,41.47674921486458],[2.080718622668253,41.476759007295364],[2.080709923047831,41.476762267621716],[2.080617474707812,41.47678142165301],[2.080512324100671,41.47680320731591],[2.080382395230071,41.476844143190476],[2.080302242631129,41.47687989159394],[2.080252875390309,41.47690687917029],[2.080217289565617,41.47692906793096],[2.080181703716725,41.476951256680266],[2.08010631119144,41.476997672078056],[2.080093517073343,41.47700464051784],[2.08008072295249,41.47701160895816],[2.080057466107279,41.477021601248296],[2.080031586085646,41.4770307618914],[2.079983250454373,41.47704407094159],[2.079913847630694,41.47705989788808],[2.079857325632043,41.477072787859875],[2.079711411591191,41.477109091019976],[2.079685486903607,41.47711293689364],[2.079646499860806,41.477117308755524],[2.079616414278664,41.477118959554495],[2.079591647668606,41.477117140046644],[2.079455377348243,41.477140731231955],[2.079346787127458,41.47718717120025],[2.079465760576398,41.476659163360985],[2.079680212421501,41.476352030209384],[2.080351797478566,41.4754595838441],[2.080238526102168,41.475365306068554],[2.080143621039084,41.474989515567565],[2.080055851973237,41.47494829743169],[2.079610818302844,41.475180725537086],[2.079107840703513,41.47468557713327]]]},"properties":{"codiseccio":"1-21","districte":1,"nomdistricte":"Nucli Est","seccio":21,"sup":6.58,"id":48}},{"id":49,"type":"Feature","geometry":{"type":"Polygon","coordinates":[[[2.079748794056558,41.4726088643166],[2.079796321325245,41.47258046075645],[2.080138245033805,41.47237611672652],[2.080773057281108,41.47218654799512],[2.080787635318095,41.47218320484481],[2.082146857627827,41.47187144444555],[2.082444949511981,41.47049793641648],[2.082562724298842,41.47007824426207],[2.083404797840319,41.4689162594778],[2.083717689881012,41.46950869173147],[2.083461501759979,41.469841984359405],[2.083086768694172,41.47047527131862],[2.083370475425519,41.470623701416464],[2.084247608477173,41.470845639654264],[2.084361824076311,41.4708891223994],[2.083580664970084,41.472314024705206],[2.083358498015458,41.47254743103526],[2.084165442797269,41.47297717008341],[2.083882828489793,41.47350641735279],[2.082959825329871,41.47465612984815],[2.082166788708681,41.47434821565804],[2.082117077922793,41.47431398815978],[2.081859742581873,41.473162278544315],[2.081875527886601,41.47293150184133],[2.081785476558371,41.47265275789266],[2.079900117640768,41.4726141407617],[2.079748794056558,41.4726088643166]]]},"properties":{"codiseccio":"1-1","districte":1,"nomdistricte":"Nucli Est","seccio":1,"sup":8.08,"id":49}},{"id":50,"type":"Feature","geometry":{"type":"Polygon","coordinates":[[[2.076157937013333,41.475150239726844],[2.076271222332124,41.47492512270986],[2.077105748750864,41.47342384331128],[2.077568715350897,41.47241520822261],[2.078020067076572,41.47167642015382],[2.078071490064319,41.471482020719854],[2.078278553972166,41.47060139374725],[2.078301092569989,41.470474525609355],[2.078355056943502,41.470229503968405],[2.078409020894258,41.46998448228769],[2.078398788488845,41.46992059892441],[2.078258411936491,41.46987090415051],[2.07811998863549,41.46977145981671],[2.078118460707711,41.46966772870174],[2.078647049920701,41.4697537471304],[2.079564672816447,41.47010806291328],[2.079926597145836,41.47036627719183],[2.080305653385215,41.47064426726655],[2.080388525239731,41.47093953016881],[2.080787635318095,41.47218320484481],[2.080773057281108,41.47218654799512],[2.080138245033805,41.47237611672652],[2.079796321325245,41.47258046075645],[2.079748794056558,41.4726088643166],[2.079612350758436,41.47269040621166],[2.079444255448841,41.47280306839176],[2.078711701955363,41.47332492526843],[2.078103384988721,41.4737479594202],[2.077170239174452,41.47439122091268],[2.076157937013333,41.475150239726844]]]},"properties":{"codiseccio":"2-2","districte":2,"nomdistricte":"Nucli Oest","seccio":2,"sup":8.204,"id":50}},{"id":51,"type":"Feature","geometry":{"type":"Polygon","coordinates":[[[2.078579386689351,41.47820352809285],[2.079009582388433,41.47789290898396],[2.07934678712747,41.47718717120025],[2.079455377348243,41.477140731231955],[2.079591647668606,41.477117140046644],[2.079616414278664,41.477118959554495],[2.079646499860806,41.477117308755524],[2.079685486903619,41.47711293689364],[2.079711411591191,41.477109091019976],[2.079857325632031,41.477072787859875],[2.079913847630694,41.47705989788808],[2.079983250454373,41.47704407094159],[2.080031586085646,41.4770307618914],[2.080057466107279,41.477021601248296],[2.08008072295249,41.47701160895816],[2.080093517073343,41.47700464051784],[2.08010631119144,41.476997672078056],[2.080181703716725,41.476951256680266],[2.080217289565617,41.47692906793096],[2.080252875390309,41.47690687917029],[2.080302242631129,41.47687989159394],[2.080382395230071,41.476844143190476],[2.080512324100694,41.476803207315996],[2.080617474707846,41.47678142165311],[2.080709923047889,41.476762267621815],[2.080718622668253,41.476759007295364],[2.080744720784089,41.47674921486458],[2.080805856837255,41.47671997921848],[2.080842063535197,41.47670468585547],[2.080871173477794,41.47669238926168],[2.08089658121242,41.47668188255983],[2.080919263206995,41.47667017411038],[2.08093969528761,41.4766566462075],[2.080950584279724,41.476665830636456],[2.081008458776833,41.47663855043494],[2.081035477540008,41.47663354204938],[2.08107055680545,41.47662598592402],[2.08110764900622,41.476620067192975],[2.081125679739387,41.47661543734686],[2.081143251801473,41.47660936265796],[2.081163682543911,41.47659592477734],[2.081168987397465,41.47659344509954],[2.08118738883402,41.47658800754325],[2.081213705566116,41.47658182255138],[2.081231389735614,41.476576289184734],[2.081246076202455,41.47657100209162],[2.081261445778101,41.47656538800456],[2.081276679752879,41.47655809581695],[2.081340434877823,41.47651498473748],[2.081359354182322,41.476504802148796],[2.081399920495564,41.47647337298992],[2.081429789361987,41.476444408001676],[2.081452039371883,41.47642088457312],[2.081553943515594,41.47631299992756],[2.081608404609296,41.47620958623812],[2.081947471031633,41.47611222685046],[2.082286536454499,41.47601486645109],[2.082447080200009,41.47573461509664],[2.082706629379354,41.475733001165246],[2.083391719711307,41.475591151529436],[2.083739075151966,41.475727556172764],[2.085638828989747,41.47647355088412],[2.0853722662542,41.476765003096666],[2.084714217398759,41.47735980581995],[2.083383850952983,41.47829903788512],[2.082304124820566,41.47903958972083],[2.080836740132259,41.477766709881124],[2.080173063221468,41.47781769865088],[2.079551185582512,41.47793737080852],[2.078928566218844,41.47810930355721],[2.078579386689351,41.47820352809285]]]},"properties":{"codiseccio":"1-14","districte":1,"nomdistricte":"Nucli Est","seccio":14,"sup":10.197,"id":51}},{"id":52,"type":"Feature","geometry":{"type":"Polygon","coordinates":[[[2.063673427503003,41.48326784538826],[2.064312469189532,41.48256931561582],[2.065107707019715,41.48167593040615],[2.065426252245105,41.48085942536582],[2.065703077422624,41.47974263138488],[2.065700979122228,41.47881749076575],[2.065721247235603,41.478814923309564],[2.06625804695345,41.47874693812502],[2.066833996495495,41.47869085059657],[2.066969413261045,41.47900770989827],[2.066892319015288,41.47922943353522],[2.067062114653001,41.479416100470026],[2.067685687015037,41.479745411607794],[2.068126616263187,41.47992500835858],[2.068581456707397,41.47999354169573],[2.068691259092893,41.48006854641108],[2.068822119905232,41.48039386355916],[2.069411669622253,41.480519070529745],[2.069695787298824,41.481327380915644],[2.070063626580563,41.48231239289084],[2.07004616966484,41.482499172644665],[2.069950845190422,41.482685322755785],[2.06980473684611,41.48284761804164],[2.068881902160273,41.4836984042289],[2.068925923299952,41.483859833349044],[2.068969944651144,41.48402126245019],[2.068891854470944,41.48411919719544],[2.068782192896858,41.484190431493836],[2.068634570009962,41.48423491351201],[2.068260825306222,41.486234476910255],[2.0681765052398,41.48654391879264],[2.067931904997057,41.486654928090346],[2.067872962506032,41.48676503760799],[2.067914966107856,41.486852451684754],[2.067519425080342,41.48695410232722],[2.06591845621577,41.48529080001974],[2.064878669922197,41.48423836932039],[2.064765119322103,41.48416503205633],[2.063673427503003,41.48326784538826]]]},"properties":{"codiseccio":"1-24","districte":1,"nomdistricte":"Nucli Est","seccio":24,"sup":25.698,"id":52}}],"metadata":{"description":{"title":"Seccions censals","description":"","keywords":"","generated_on":"2025-11-17T16:34:01.460Z"},"style":{"shapetype":"polygon","stroke_color":"#10bea3","stroke_width":"2","stroke_opacity":"1","stroke_dash_array":null,"fill_color":null,"fill_opacity":"0"},"style_rules":[],"design":{"interactive":true,"popup":"<span style=\"font-size: 16px\"><strong>Secció censal<strong> {codiseccio}</strong>\r\n</span>\r\n\r\n<p>\r\n<table>\r\n<tr><th>Districte codi: </th><td>{districte}</td></tr>\r\n<tr><th>Secció censal: </th><td>{seccio}</td></tr>\r\n<tr><th>Superfície (ha): </th><td>{sup}</td></tr>\r\n\r\n</table>\r\n</p>\r\n\r\n\r\n<hr/>\r\n<div class=\"text-right\">\r\n    <class=\"text-weight-thin text-grey-6\">\r\n        <small>&copy; Ajuntament de Sant Cugat</small>\r\n</div>","tooltip":"<span style=\"color:#005e85\"> {codiseccio}\r\n</span>","cluster":null}}}